word_id,word,variants,ja,audio,audio_out
w_a,a,,（ひとつの）,a.mp3,済
w_able,able,,〜できる,able.mp3,済
w_about,about,,～について、だいたい,about.mp3,済
w_abroad,abroad,,海外で、海外に,abroad.mp3,済
w_accident,accident,,事故、偶然,accident.mp3,済
w_accidentally,accidentally,,うっかり、偶然に,accidentally.mp3,済
w_across,across,,〜を横切って、向こう側に,across.mp3,済
w_acting,acting,,act（行動する、演じる）のing形,acting.mp3,済
w_acts,acts,,act（行動する、演じる）の三単現,acts.mp3,済
w_actually,actually,,実は、実際に,actually.mp3,済
w_add,add,,加える、足す,add.mp3,済
w_adult,adult,,大人,adult.mp3,済
w_adults,adults,,adult（大人）の複数形,adults.mp3,済
w_advice,advice,,アドバイス、助言,advice.mp3,済
w_afraid,afraid,,怖がって、心配して,afraid.mp3,済
w_after,after,,～の後,after.mp3,済
w_afternoon,afternoon,,午後,afternoon.mp3,済
w_again,again,,再び,again.mp3,済
w_against,against,,～に対して,against.mp3,済
w_age,age,,年齢,age.mp3,済
w_ages,ages,,age（年齢）の複数形,ages.mp3,済
w_ago,ago,,（今から）〜前,ago.mp3,済
w_agree,agree,,賛成する、同意する,agree.mp3,済
w_ahead,ahead,,前に、先に,ahead.mp3,済
w_alarm,alarm,,目覚まし、アラーム,alarm.mp3,済
w_all,all,,全部,all.mp3,済
w_allowance,allowance,,おこづかい,allowance.mp3,済
w_allowed,allowed,,allow（許す）の過去形,allowed.mp3,済
w_almost,almost,,ほとんど、もう少しで,almost.mp3,済
w_alone,alone,,一人で,alone.mp3,済
w_already,already,,すでに、もう,already.mp3,済
w_always,always,,いつも,always.mp3,済
w_am,am,,〜です、〜である（be動詞）,am.mp3,済
w_amaze,amaze,,驚かせる（amazingはすごい・驚くべき）,amaze.mp3,済
w_amazing,amazing,,amaze（驚かせる）のing形,amazing.mp3,済
w_among,among,,〜の間で（3つ以上）,among.mp3,済
w_an,an,,1つの（aの変形）,an.mp3,済
w_and,and,,〜と、そして,and.mp3,済
w_angel,angel,,天使,angel.mp3,済
w_angry,angry,,怒った,angry.mp3,済
w_animal,animal,,動物,animal.mp3,済
w_animals,animals,,animal（動物）の複数形,animals.mp3,済
w_another,another,,もう一つの、別の,another.mp3,済
w_answer,answer,,答え、答える,answer.mp3,済
w_answered,answered,,answer（答え、答える）の過去形,answered.mp3,済
w_any,any,,いくつかの、何か,any.mp3,済
w_anymore,anymore,,もう（〜ない）,anymore.mp3,済
w_anyone,anyone,,誰か、誰でも,anyone.mp3,済
w_anything,anything,,何か、何も,anything.mp3,済
w_anytime,anytime,,いつでも,anytime.mp3,済
w_anywhere,anywhere,,どこでも、どこかに,anywhere.mp3,済
w_apologize,apologize,,謝る,apologize.mp3,済
w_app,app,,アプリ,app.mp3,済
w_apple,apple,,りんご,apple.mp3,済
w_apples,apples,,apple（りんご）の複数形,apples.mp3,済
w_aquarium,aquarium,,水族館,aquarium.mp3,済
w_are,are,,〜です、〜である（be動詞）,are.mp3,済
w_aren_t,aren't,,〜ではない（are not）,aren't.mp3,済
w_arm,arm,,腕,arm.mp3,済
w_around,around,,〜のまわりに、約,around.mp3,済
w_arrive,arrive,,到着する,arrive.mp3,済
w_arrived,arrived,,arrive（到着する）の過去形,arrived.mp3,済
w_arrives,arrives,,arrive（到着する）の三単現,arrives.mp3,済
w_art,art,,美術、芸術,art.mp3,済
w_as,as,,〜として、〜のように,as.mp3,済
w_asap,asap,,できるだけ早く（as soon as possibleの略）,asap.mp3,済
w_ask,ask,,訪ねる、お願いする,ask.mp3,済
w_asked,asked,,ask（訪ねる、お願いする）の過去形,asked.mp3,済
w_asleep,asleep,,眠って,asleep.mp3,済
w_at,at,,〜で、〜に（場所・時）,at.mp3,済
w_ate,ate,,eat（食べる）の過去形,ate.mp3,済
w_attend,attend,,出席する、参加する,attend.mp3,済
w_attending,attending,,attend（出席する、参加する）のing形,attending.mp3,済
w_attention,attention,,注意、注目,attention.mp3,済
w_aunt,aunt,,おば、おばさん,aunt.mp3,済
w_avoid,avoid,,避ける,avoid.mp3,済
w_away,away,,離れて、向こうへ,away.mp3,済
w_awesome,awesome,,すげぇ！,awesome.mp3,済
w_baby,baby,,赤ちゃん,baby.mp3,済
w_back,back,,戻って、後ろ、背中,back.mp3,済
w_backpack,backpack,,リュックサック,backpack.mp3,済
w_backward,backward,,後ろ向きに、逆に,backward.mp3,済
w_bad,bad,,悪い,bad.mp3,済
w_bag,bag,,バッグ,bag.mp3,済
w_bags,bags,,bag（バッグ）の複数形,bags.mp3,済
w_bake,bake,,(オーブンで)焼く,bake.mp3,済
w_ball,ball,,ボール,ball.mp3,済
w_banana,banana,,バナナ,banana.mp3,済
w_bananas,bananas,,banana（バナナ）の複数形,bananas.mp3,済
w_bar,bar,,バー,bar.mp3,済
w_barber,barber,,床屋、理髪師,barber.mp3,済
w_barely,barely,,かろうじて、ほとんど〜ない,barely.mp3,済
w_bark,bark,,吠える,bark.mp3,済
w_barked,barked,,bark（吠える）の過去形,barked.mp3,済
w_barking,barking,,bark（吠える）のing形,barking.mp3,済
w_basic,basic,,基本的な,basic.mp3,済
w_basketball,basketball,,バスケ,basketball.mp3,済
w_bath,bath,,風呂,bath.mp3,済
w_bathroom,bathroom,,トイレ,bathroom.mp3,済
w_battery,battery,,電池、バッテリー,battery.mp3,済
w_be,be,,〜である、〜になる,be.mp3,済
w_beach,beach,,ビーチ、浜辺,beach.mp3,済
w_bear,bear,,クマ、がまんする,bear.mp3,済
w_beat,beat,,打つ、鼓動する、負かす,beat.mp3,済
w_beautiful,beautiful,,美しい,beautiful.mp3,済
w_became,became,,〜になった,became.mp3,済
w_because,because,,なぜなら、〜だから,because.mp3,済
w_become,become,,〜になる,become.mp3,済
w_becoming,becoming,,become（〜になる）のing形,becoming.mp3,済
w_bed,bed,,ベッド,bed.mp3,済
w_beds,beds,,bed（ベッド）の複数形,beds.mp3,済
w_been,been,,be動詞（である、いる）の過去分詞,been.mp3,済
w_before,before,,～の前に,before.mp3,済
w_begin,begin,,始まる、始める,begin.mp3,済
w_beginner,beginner,,初心者,beginner.mp3,済
w_beginners,beginners,,初心者,beginners.mp3,済
w_begins,begins,,begin（始まる、始める）の三単現,begins.mp3,済
w_behind,behind,,〜の後ろに,behind.mp3,済
w_being,being,,be動詞（である、いる）のing形,being.mp3,済
w_bell,bell,,ベル、鈴,bell.mp3,済
w_bento,bento,,弁当,bento.mp3,済
w_best,best,,一番、最も,best.mp3,済
w_better,better,,より良い、もっと（good/wellの比較級）,better.mp3,済
w_between,between,,〜の間に（2つ）,between.mp3,済
w_big,big,,大きい,big.mp3,済
w_bigger,bigger,,big（大きい）の比較級,bigger.mp3,済
w_biggest,biggest,,big（大きい）の最上級,biggest.mp3,済
w_bike,bike,,自転車,bike.mp3,済
w_bill,bill,,請求書、勘定,bill.mp3,済
w_billion,billion,,十億,billion.mp3,済
w_bird,bird,,鳥,bird.mp3,済
w_birds,birds,,bird（鳥）の複数形,birds.mp3,済
w_birthday,birthday,,誕生日,birthday.mp3,済
w_bit,bit,,少し（a bit で「少し」）,bit.mp3,済
w_black,black,,黒,black.mp3,済
w_blankets,blankets,,blanket（毛布）の複数形,blankets.mp3,済
w_blue,blue,,青,blue.mp3,済
w_board,board,,板、ボード、黒板,board.mp3,済
w_body,body,,体,body.mp3,済
w_book,book,,本,book.mp3,済
w_books,books,,book（本）の複数形,books.mp3,済
w_boring,boring,,退屈な,boring.mp3,済
w_born,born,,生まれた（be bornで生まれる）,born.mp3,済
w_borrow,borrow,,借りる,borrow.mp3,済
w_borrowed,borrowed,,borrow（借りる）の過去形,borrowed.mp3,済
w_boss,boss,,ボス,boss.mp3,済
w_both,both,,両方,both.mp3,済
w_bottle,bottle,,ボトル,bottle.mp3,済
w_bought,bought,,buy（買う）の過去形,bought.mp3,済
w_box,box,,箱,box.mp3,済
w_boxes,boxes,,箱,boxes.mp3,済
w_boy,boy,,男の子,boy.mp3,済
w_bracelet,bracelet,,ブレスレット,bracelet.mp3,済
w_brave,brave,,勇敢な,brave.mp3,済
w_break,break,,壊す、休憩,break.mp3,済
w_breakfast,breakfast,,朝食,breakfast.mp3,済
w_bring,bring,,持ってくる,bring.mp3,済
w_broccoli,broccoli,,ブロッコリー,broccoli.mp3,済
w_broke,broke,,break（壊す）の過去形,broke.mp3,済
w_broken,broken,,壊れた、壊された,broken.mp3,済
w_brother,brother,,兄弟,brother.mp3,済
w_brother_s,brother's,,兄／弟の,brother's.mp3,済
w_brothers,brothers,,brother（兄弟）の複数形,brothers.mp3,済
w_brush,brush,,ブラシ,brush.mp3,済
w_building,building,,建物,building.mp3,済
w_built,built,,build（建てる）の過去形,built.mp3,済
w_burned,burned,,burn（燃える、焦げる）の過去形,burned.mp3,済
w_burning,burning,,burn（燃える、焦げる）のing形,burning.mp3,済
w_bus,bus,,バス,bus.mp3,済
w_busy,busy,,忙しい,busy.mp3,済
w_but,but,,でも,but.mp3,済
w_buy,buy,,買う,buy.mp3,済
w_by,by,,〜によって、〜のそばに,by.mp3,済
w_cake,cake,,ケーキ,cake.mp3,済
w_cakes,cakes,,cake（ケーキ）の複数形,cakes.mp3,済
w_call,call,,呼ぶ、電話する,call.mp3,済
w_called,called,,call（呼ぶ、電話する）の過去形,called.mp3,済
w_calling,calling,,call（呼ぶ、電話する）のing形,calling.mp3,済
w_calls,calls,,call（呼ぶ、電話する）の三単現,calls.mp3,済
w_came,came,,来た,came.mp3,済
w_camp,camp,,キャンプ,camp.mp3,済
w_camping,camping,,キャンプすること,camping.mp3,済
w_can,can,,〜できる,can.mp3,済
w_can_t,can't,,〜できない（cannot）,can't.mp3,済
w_cancel,cancel,,中止する,cancel.mp3,済
w_canceled,canceled,,cancel（中止する）の過去形,canceled.mp3,済
w_candy,candy,,キャンディー,candy.mp3,済
w_car,car,,車,car.mp3,済
w_care,care,,気にする、世話をする,care.mp3,済
w_careful,careful,,注意深い、気をつけて,careful.mp3,済
w_carry,carry,,運ぶ、持ち運ぶ,carry.mp3,済
w_cartoon,cartoon,,アニメ、漫画,cartoon.mp3,済
w_cartoons,cartoons,,cartoon（アニメ、漫画）の複数形,cartoons.mp3,済
w_castle,castle,,城,castle.mp3,済
w_cat,cat,,猫,cat.mp3,済
w_catch,catch,,つかまえる、捕る,catch.mp3,済
w_cats,cats,,cat（猫）の複数形,cats.mp3,済
w_centimeters,centimeters,,centimeter（センチメートル）の複数形,centimeters.mp3,済
w_chair,chair,,いす,chair.mp3,済
w_chairs,chairs,,chair（いす）の複数形,chairs.mp3,済
w_chance,chance,,チャンス、機会,chance.mp3,済
w_change,change,,変える、変わる、おつり,change.mp3,済
w_changed,changed,,change（変える、変わる、おつり）の過去形,changed.mp3,済
w_charger,charger,,充電器,charger.mp3,済
w_chase,chase,,追いかける,chase.mp3,済
w_chased,chased,,chase（追いかける）の過去形,chased.mp3,済
w_chattarbox,chattarbox,,おしゃべりマシーン,chattarbox.mp3,済
w_cheap,cheap,,安い,cheap.mp3,済
w_cheaper,cheaper,,cheap（安い）の比較級,cheaper.mp3,済
w_check,check,,確認する、チェック,check.mp3,済
w_cheered,cheered,,cheer（応援する、元気づける）の過去形,cheered.mp3,済
w_child,child,,子ども,child.mp3,済
w_children,children,,子供たち,children.mp3,済
w_chilly,chilly,,肌寒い,chilly.mp3,済
w_chinese,Chinese,,中国の、中国語,Chinese.mp3,済
w_chocolate,chocolate,,チョコ,chocolate.mp3,済
w_chocolates,chocolates,,chocolate（チョコ）の複数形,chocolates.mp3,済
w_chopsticks,chopsticks,,箸,chopsticks.mp3,済
w_chore,chore,,家事、雑用,chore.mp3,済
w_chosen,chosen,,choose（選ぶ）の過去分詞,chosen.mp3,済
w_cities,cities,,city（都市）の複数形,cities.mp3,済
w_city,city,,都市,city.mp3,済
w_class,class,,クラス、授業,class.mp3,済
w_classic,classic,,定番の、古典的な,classic.mp3,済
w_classical,classical,,クラシックの、古典的な,classical.mp3,済
w_classics,classics,,クラシック,classics.mp3,済
w_classmate,classmate,,クラスメート,classmate.mp3,済
w_classmates,classmates,,classmate（クラスメート）の複数形,classmates.mp3,済
w_classroom,classroom,,教室,classroom.mp3,済
w_classrooms,classrooms,,classroom（教室）の複数形,classrooms.mp3,済
w_clean,clean,,掃除する,clean.mp3,済
w_cleaned,cleaned,,clean（掃除する）の過去形,cleaned.mp3,済
w_cleaning,cleaning,,clean（掃除する）のing形,cleaning.mp3,済
w_cleans,cleans,,clean（掃除する）の三単現,cleans.mp3,済
w_clock,clock,,時計,clock.mp3,済
w_close,close,,閉める、近い,close.mp3,済
w_closer,closer,,close（閉める、近い）の比較級,closer.mp3,済
w_clothes,clothes,,服,clothes.mp3,済
w_cloud,cloud,,雲,cloud.mp3,済
w_clouds,clouds,,cloud（雲）の複数形,clouds.mp3,済
w_cloudy,cloudy,,cloud（雲）の形容詞形（曇りの）,cloudy.mp3,済
w_club,club,,クラブ、部活,club.mp3,済
w_coach,coach,,コーチ、指導する,coach.mp3,済
w_coaster,coaster,,コースター（roller coaster でジェットコースター）,coaster.mp3,済
w_coat,coat,,コート,coat.mp3,済
w_coffee,coffee,,コーヒー,coffee.mp3,済
w_coffees,coffees,,coffee（コーヒー）の複数形,coffees.mp3,済
w_coincidence,coincidence,,偶然（の一致）,coincidence.mp3,済
w_cold,cold,,寒い、冷たい,cold.mp3,済
w_collect,collect,,集める,collect.mp3,済
w_collecting,collecting,,collect（集める）のing形,collecting.mp3,済
w_color,color,,色,color.mp3,済
w_colors,colors,,color（色）の複数形,colors.mp3,済
w_come,come,,来る,come.mp3,済
w_comes,comes,,come（来る）の三単現,comes.mp3,済
w_comfy,comfy,,心地いい、快適な,comfy.mp3,済
w_coming,coming,,come（来る）のing形,coming.mp3,済
w_company,company,,会社,company.mp3,済
w_computer,computer,,コンピューター,computer.mp3,済
w_concert,concert,,コンサート,concert.mp3,済
w_contest,contest,,コンテスト、大会,contest.mp3,済
w_convenience,convenience,,便利な,convenience.mp3,済
w_convenience store,convenience store,,コンビニエンスストア,convenience store.mp3,済
w_cook,cook,,料理する,cook.mp3,済
w_cooked,cooked,,cook（料理する）の過去形,cooked.mp3,済
w_cookies,cookies,,cookie（クッキー）の複数形,cookies.mp3,済
w_cooking,cooking,,cook（料理する）のing形,cooking.mp3,済
w_cool,cool,,ひんやり、カッコいい,cool.mp3,済
w_cooler,cooler,,より涼しい（coolの比較級）,cooler.mp3,済
w_corner,corner,,角、すみ,corner.mp3,済
w_correct,correct,,正しい,correct.mp3,済
w_couch,couch,,カウチ、ソファー,couch.mp3,済
w_couches,couches,,couch（カウチ、ソファー）の複数形,couches.mp3,済
w_cough,cough,,せきをする、せき,cough.mp3,済
w_coughed,coughed,,cough（せきをする）の過去形,coughed.mp3,済
w_could,could,,〜できた、〜かもしれない（canの過去・丁寧）,could.mp3,済
w_couldn_t,couldn't,,〜できなかった（could not）,couldn't.mp3,済
w_count,count,,数える,count.mp3,済
w_countries,countries,,country（国）の複数形,countries.mp3,済
w_country,country,,国,country.mp3,済
w_course,course,,コース,course.mp3,済
w_cousin,cousin,,いとこ,cousin.mp3,済
w_cousin_s,cousin's,,cousin（いとこ）の所有格,cousin's.mp3,済
w_cousins,cousins,,cousin（いとこ）の複数形,cousins.mp3,済
w_cow,cow,,牛,cow.mp3,済
w_cows,cows,,cow（牛）の複数形,cows.mp3,済
w_cozy,cozy,,快適,cozy.mp3,済
w_crazy,crazy,,クレイジーな、めちゃくちゃな,crazy.mp3,済
w_cream,cream,,クリーム,cream.mp3,済
w_crispy,crispy,,サクサク,crispy.mp3,済
w_cross,cross,,渡る、交差する,cross.mp3,済
w_crossed,crossed,,cross（渡る、交差する）の過去形,crossed.mp3,済
w_crossing,crossing,,cross（渡る、交差する）のing形,crossing.mp3,済
w_crowded,crowded,,混んでいる,crowded.mp3,済
w_cry,cry,,泣く,cry.mp3,済
w_crying,crying,,cry（泣く）のing形,crying.mp3,済
w_cup,cup,,カップ,cup.mp3,済
w_cups,cups,,cup（カップ）の複数形,cups.mp3,済
w_curry,curry,,カレー,curry.mp3,済
w_curveball,curveball,,カーブ（変化球）,curveball.mp3,済
w_cut,cut,,切る,cut.mp3,済
w_cute,cute,,かわいい,cute.mp3,済
w_dad,dad,,お父さん,dad.mp3,済
w_dance,dance,,踊る、ダンス,dance.mp3,済
w_dancing,dancing,,dance（踊る、ダンス）のing形,dancing.mp3,済
w_dangerous,dangerous,,危険な,dangerous.mp3,済
w_dark,dark,,暗い、濃い,dark.mp3,済
w_darker,darker,,dark（暗い、濃い）の比較級,darker.mp3,済
w_date,date,,日付、デート,date.mp3,済
w_day,day,,日,day.mp3,済
w_days,days,,day（日）の複数形,days.mp3,済
w_dead,dead,,死んでいる,dead.mp3,済
w_decide,decide,,決める,decide.mp3,済
w_decision,decision,,決定、決断,decision.mp3,済
w_definitely,definitely,,絶対に、間違いなく,definitely.mp3,済
w_deli,deli,,デリ、惣菜店,deli.mp3,済
w_delicious,delicious,,おいしい,delicious.mp3,済
w_designer,designer,,デザイナー、ブランドものの,designer.mp3,済
w_desk,desk,,机,desk.mp3,済
w_desks,desks,,desk（机）の複数形,desks.mp3,済
w_dessert,dessert,,デザート,dessert.mp3,済
w_dice,dice,,サイコロ,dice.mp3,済
w_dictionary,dictionary,,辞書,dictionary.mp3,済
w_did,did,,〜した（doの過去）,did.mp3,済
w_didn_t,didn't,,〜しなかった（did not）,didn't.mp3,済
w_died,died,,die（死ぬ）の過去形,died.mp3,済
w_different,different,,ちがう、いろいろな,different.mp3,済
w_difficult,difficult,,難しい,difficult.mp3,済
w_dinner,dinner,,ディナー,dinner.mp3,済
w_dinner_s,dinner's,,dinner is の短縮形（夕食が〜）,dinner's.mp3,済
w_discuss,discuss,,話し合う、議論する,discuss.mp3,済
w_dish,dish,,皿,dish.mp3,済
w_dishes,dishes,,dish（皿）の複数形,dishes.mp3,済
w_Disney,Disney,,ディズニー,Disney.mp3,済
w_dive,dive,,飛び込む、潜る,dive.mp3,済
w_dizzy,dizzy,,めまい,dizzy.mp3,済
w_do,do,,する,do.mp3,済
w_doctor,doctor,,医者,doctor.mp3,済
w_doctors,doctors,,doctor（医者）の複数形,doctors.mp3,済
w_does,does,,する（三単現）,does.mp3,済
w_doesn_t,doesn't,,〜しない（does not）,doesn't.mp3,済
w_dog,dog,,犬,dog.mp3,済
w_dog_s,dog's,,犬の,dog's.mp3,済
w_dogs,dogs,,dog（犬）の複数形,dogs.mp3,済
w_doing,doing,,doのing形,doing.mp3,済
w_dollar,dollar,,ドル,dollar.mp3,済
w_dollars,dollars,,dollar（ドル）の複数形,dollars.mp3,済
w_don_t,don't,,〜しない（do not）,don't.mp3,済
w_done,done,,do（する）の過去分詞、終わった,done.mp3,済
w_door,door,,ドア、扉,door.mp3,済
w_down,down,,下に、下へ,down.mp3,済
w_dragons,dragons,,dragon（ドラゴン、竜）の複数形,dragons.mp3,済
w_dream,dream,,夢,dream.mp3,済
w_dreams,dreams,,dream（夢）の複数形,dreams.mp3,済
w_dressed,dressed,,dress（服を着る）の過去形,dressed.mp3,済
w_drink,drink,,飲む,drink.mp3,済
w_drinks,drinks,,drink（飲む）の三単現,drinks.mp3,済
w_drive,drive,,運転する,drive.mp3,済
w_driving,driving,,drive（運転する）のing形,driving.mp3,済
w_drop,drop,,落とす、落ちる,drop.mp3,済
w_dropped,dropped,,drop（落とす、落ちる）の過去形,dropped.mp3,済
w_dude,dude,,マジか！うそやん！,dude.mp3,済
w_during,during,,〜の間に,during.mp3,済
w_each,each,,それぞれ,each.mp3,済
w_earlier,earlier,,early（早い）の比較級,earlier.mp3,済
w_early,early,,早い,early.mp3,済
w_earthquake,earthquake,,地震,earthquake.mp3,済
w_easier,easier,,easy（簡単な、楽な）の比較級,easier.mp3,済
w_easy,easy,,簡単な、楽な,easy.mp3,済
w_eat,eat,,食べる,eat.mp3,済
w_eaten,eaten,,eat（食べる）の過去分詞,eaten.mp3,済
w_eating,eating,,eat（食べる）のing形,eating.mp3,済
w_eats,eats,,eat（食べる）の三単現,eats.mp3,済
w_egg,egg,,卵,egg.mp3,済
w_eight,eight,,8,eight.mp3,済
w_eighteen,eighteen,,18,eighteen.mp3,済
w_eighty,eighty,,80,eighty.mp3,済
w_elect,elect,,選ぶ,elect.mp3,済
w_elected,elected,,elect（選ぶ）の過去形,elected.mp3,済
w_electricity,electricity,,電気,electricity.mp3,済
w_eleven,eleven,,11,eleven.mp3,済
w_else,else,,ほかに,else.mp3,済
w_end,end,,終わり,end.mp3,済
w_ending,ending,,終わり方、結末,ending.mp3,済
w_energy,energy,,エネルギー、元気,energy.mp3,済
w_english,english,,英語,english.mp3,済
w_enjoy,enjoy,,楽しむ,enjoy.mp3,済
w_enjoyed,enjoyed,,enjoy（楽しむ）の過去形,enjoyed.mp3,済
w_enjoying,enjoying,,enjoy（楽しむ）のing形,enjoying.mp3,済
w_enjoys,enjoys,,enjoy（楽しむ）の三単現,enjoys.mp3,済
w_enough,enough,,十分な、十分に,enough.mp3,済
w_enter,enter,,入る,enter.mp3,済
w_environment,environment,,環境,environment.mp3,済
w_environmental,environmental,,環境の,environmental.mp3,済
w_eraser,eraser,,消しゴム,eraser.mp3,済
w_especially,especially,,特に,especially.mp3,済
w_even,even,,〜さえ、〜でも,even.mp3,済
w_ever,ever,,いままでに,ever.mp3,済
w_every,every,,毎,every.mp3,済
w_everyone,everyone,,みんな、全員,everyone.mp3,済
w_everything,everything,,すべて、何もかも,everything.mp3,済
w_everything_s,everything's,,everything is の短縮形,everything's.mp3,済
w_everywhere,everywhere,,いたるところで,everywhere.mp3,済
w_exam,exam,,試験,exam.mp3,済
w_excited,excited,,わくわくさせられる,excited.mp3,済
w_exciting,exciting,,わくわくさせる,exciting.mp3,済
w_excuse,excuse,,許す（Excuse me で「すみません」）,excuse.mp3,済
w_exercise,exercise,,運動、練習,exercise.mp3,済
w_exercises,exercises,,exercise（運動、練習）の複数形,exercises.mp3,済
w_exhausted,exhausted,,とても疲れた、へとへとの,exhausted.mp3,済
w_expect,expect,,予想する,expect.mp3,済
w_expected,expected,,expect（予想する）の過去形,expected.mp3,済
w_expensive,expensive,,高価な,expensive.mp3,済
w_experience,experience,,経験,experience.mp3,済
w_explain,explain,,説明する,explain.mp3,済
w_explains,explains,,explain（説明する）の三単現,explains.mp3,済
w_eye,eye,,目,eye.mp3,済
w_eyes,eyes,,eye（目）の複数形,eyes.mp3,済
w_face,face,,顔,face.mp3,済
w_fail,fail,,失敗する、落ちる,fail.mp3,済
w_fall,fall,,落ちる、転ぶ,fall.mp3,済
w_falling,falling,,fall（落ちる、転ぶ）のing形,falling.mp3,済
w_family,family,,家族,family.mp3,済
w_famous,famous,,有名な,famous.mp3,済
w_far,far,,はるかに、遠くに,far.mp3,済
w_farm,farm,,農場,farm.mp3,済
w_fast,fast,,速く,fast.mp3,済
w_faster,faster,,より速く、もっと速い（fastの比較級）,faster.mp3,済
w_fastest,fastest,,fast（速く）の最上級,fastest.mp3,済
w_fat,fat,,太った、脂肪,fat.mp3,済
w_father,father,,父,father.mp3,済
w_favorite,favorite,,お気に入りの、一番好きな,favorite.mp3,済
w_feel,feel,,感じる,feel.mp3,済
w_feeling,feeling,,feel（感じる）のing形,feeling.mp3,済
w_feels,feels,,feel（感じる）の三単現,feels.mp3,済
w_fell,fell,,fall（落ちる、転ぶ）の過去形,fell.mp3,済
w_felt,felt,,feel（感じる）の過去形,felt.mp3,済
w_festival,festival,,お祭り,festival.mp3,済
w_few,few,,少しの、ほとんどない,few.mp3,済
w_field,field,,野,field.mp3,済
w_fifteen,fifteen,,15,fifteen.mp3,済
w_fifteenth,fifteenth,,15番目の、15日,fifteenth.mp3,済
w_fifty,fifty,,50,fifty.mp3,済
w_finally,finally,,ついに、ようやく,finally.mp3,済
w_find,find,,見つける,find.mp3,済
w_finding,finding,,find（見つける）のing形,finding.mp3,済
w_fine,fine,,大丈夫、けっこう,fine.mp3,済
w_fingers,fingers,,finger（指）の複数形,fingers.mp3,済
w_finish,finish,,終える、終わる,finish.mp3,済
w_finished,finished,,finish（終える、終わる）の過去形,finished.mp3,済
w_fire,fire,,火、火事,fire.mp3,済
w_fireworks,fireworks,,花火,fireworks.mp3,済
w_first,first,,最初の、第一に,first.mp3,済
w_fish,fish,,釣りをする、魚,fish.mp3,済
w_fishing,fishing,,fish（釣りをする、魚）のing形,fishing.mp3,済
w_five,five,,5,five.mp3,済
w_fix,fix,,直す、固定する,fix.mp3,済
w_flew,flew,,fly（飛ぶ）の過去形,flew.mp3,済
w_floor,floor,,床、階,floor.mp3,済
w_floor_s,floor's,,floor（床）の所有格、またはfloor is の短縮形,floor's.mp3,済
w_flower,flower,,花,flower.mp3,済
w_flowers,flowers,,flower（花）の複数形,flowers.mp3,済
w_fluently,fluently,,流ちょうに,fluently.mp3,済
w_fluffy,fluffy,,ふわふわ,fluffy.mp3,済
w_focus,focus,,集中する、焦点,focus.mp3,済
w_foggy,foggy,,霧の出た、霧がかった,foggy.mp3,済
w_follow,follow,,ついていく、従う,follow.mp3,済
w_food,food,,食べ物,food.mp3,済
w_foot,foot,,足,foot.mp3,済
w_for,for,,～のために、～の期間,for.mp3,済
w_forest,forest,,森,forest.mp3,済
w_forever,forever,,永遠に、ずっと,forever.mp3,済
w_forget,forget,,忘れる,forget.mp3,済
w_forgets,forgets,,forget（忘れる）の三単現,forgets.mp3,済
w_forgot,forgot,,忘れた,forgot.mp3,済
w_forgotten,forgotten,,forget（忘れる）の過去分詞,forgotten.mp3,済
w_fork,fork,,フォーク,fork.mp3,済
w_forks,forks,,fork（フォーク）の複数形,forks.mp3,済
w_fort,fort,,砦（とりで）,fort.mp3,済
w_found,found,,find（見つける）の過去形,found.mp3,済
w_four,four,,4,four.mp3,済
w_fourteen,fourteen,,14,fourteen.mp3,済
w_fourty,fourty,,40,fourty.mp3,済
w_free,free,,無料の,free.mp3,済
w_freezing,freezing,,すごく寒い（freeze のing形）,freezing.mp3,済
w_french,French,,フランスの、フランス語,French.mp3,済
w_Friday,Friday,,金曜日,Friday.mp3,済
w_fridays,Fridays,,Friday（金曜日）の複数形,Fridays.mp3,済
w_friend,friend,,友達,friend.mp3,済
w_friends,friends,,friend（友達）の複数形,friends.mp3,済
w_frog,frog,,カエル,frog.mp3,済
w_from,from,,～から,from.mp3,済
w_front,front,,前、正面,front.mp3,済
w_full,full,,いっぱいの、満腹の,full.mp3,済
w_fun,fun,,楽しみ、楽しい,fun.mp3,済
w_funny,funny,,おもしろい,funny.mp3,済
w_future,future,,未来,future.mp3,済
w_game,game,,ゲーム,game.mp3,済
w_games,games,,game（ゲーム）の複数形,games.mp3,済
w_garbage,garbage,,ゴミ,garbage.mp3,済
w_garden,garden,,庭,garden.mp3,済
w_gate,gate,,門、ゲート,gate.mp3,済
w_gave,gave,,give（あげる）の過去形,gave.mp3,済
w_get,get,,手に入れる、～の状態になる,get.mp3,済
w_gets,gets,,get（手に入れる、～の状態になる）の三単現,gets.mp3,済
w_getting,getting,,get（手に入れる、～の状態になる）のing形,getting.mp3,済
w_gift,gift,,贈り物、プレゼント,gift.mp3,済
w_girl,girl,,女の子,girl.mp3,済
w_give,give,,与える,give.mp3,済
w_gives,gives,,give（与える）の三単現,gives.mp3,済
w_glad,glad,,うれしい,glad.mp3,済
w_glass,glass,,コップ、ガラス（glassesは眼鏡）,glass.mp3,済
w_glasses,glasses,,glass（コップ、ガラス）の複数形,glasses.mp3,済
w_go,go,,行く,go.mp3,済
w_goal,goal,,ゴール、目標,goal.mp3,済
w_goes,goes,,go（行く）の三単現,goes.mp3,済
w_going,going,,go（行く）のing形,going.mp3,済
w_gold,gold,,金,gold.mp3,済
w_goldfish,goldfish,,金魚,goldfish.mp3,済
w_gone,gone,,go（行く）の過去分詞,gone.mp3,済
w_gonna,gonna,,〜するつもり（going toのくだけた言い方）,gonna.mp3,済
w_good,good,,よい、上手な,good.mp3,済
w_got,got,,手に入れた、〜になった,got.mp3,済
w_grab,grab,,つかむ、さっと取る,grab.mp3,済
w_grade,grade,,成績,grade.mp3,済
w_grades,grades,,grade（成績）の複数形,grades.mp3,済
w_grammar,grammar,,文法,grammar.mp3,済
w_grandfather,grandfather,,祖父、おじいさん,grandfather.mp3,済
w_grandma,grandma,,おばあちゃん,grandma.mp3,済
w_grandma_s,grandma's,,grandma（おばあちゃん）の所有格,grandma's.mp3,済
w_grandmother,grandmother,,祖母,grandmother.mp3,済
w_grandpa,grandpa,,おじいちゃん,grandpa.mp3,済
w_grandparent,grandparent,,祖父母,grandparent.mp3,済
w_grandparents,grandparents,,grandparent（祖父母）の複数形,grandparents.mp3,済
w_grape,grape,,ぶどう,grape.mp3,済
w_grapes,grapes,,grape（ぶどう）の複数形,grapes.mp3,済
w_grateful,grateful,,感謝している,grateful.mp3,済
w_great,great,,素晴らしい,great.mp3,済
w_green,green,,緑,green.mp3,済
w_grew,grew,,grow（成長する）の過去形,grew.mp3,済
w_ground,ground,,地面,ground.mp3,済
w_grow,grow,,成長する、育つ,grow.mp3,済
w_growing,growing,,grow（育つ、成長する）のing形,growing.mp3,済
w_grown,grown,,grow（成長する）の過去分詞,grown.mp3,済
w_guessed,guessed,,guess（推測する）の過去形,guessed.mp3,済
w_guitar,guitar,,ギター,guitar.mp3,済
w_gym,gym,,体育館、ジム,gym.mp3,済
w_ha,ha,,は（笑い声）,ha.mp3,済
w_had,had,,持っていた、〜した（haveの過去）,had.mp3,済
w_haha,Haha,,ははは（笑い声）,Haha.mp3,済
w_hair,hair,,髪,hair.mp3,済
w_hairstyle,hairstyle,,髪型,hairstyle.mp3,済
w_half,half,,半分,half.mp3,済
w_hall,hall,,廊下、ホール,hall.mp3,済
w_hallway,hallway,,廊下,hallway.mp3,済
w_hamburger,hamburger,,ハンバーガー,hamburger.mp3,済
w_hamburgers,hamburgers,,hamburger（ハンバーガー）の複数形,hamburgers.mp3,済
w_hand,hand,,手,hand.mp3,済
w_hands,hands,,hand（手）の複数形,hands.mp3,済
w_hang,hang,,かける、ぶら下げる,hang.mp3,済
w_hang out,hang out,,遊ぶ,hang out.mp3,済
w_happen,happen,,起こる,happen.mp3,済
w_happened,happened,,happen（起こる）の過去形,happened.mp3,済
w_happily,happily,,幸せ,happily.mp3,済
w_happy,happy,,幸せ,happy.mp3,済
w_hard,hard,,ハードに、一生懸命、厳しく,hard.mp3,済
w_harder,harder,,hard（ハードに、一生懸命、厳しく）の比較級,harder.mp3,済
w_hardest,hardest,,hard（ハードに、一生懸命、厳しく）の最上級,hardest.mp3,済
w_hardly,hardly,,ほとんど〜ない,hardly.mp3,済
w_has,has,,have（持っている）の三単現,has.mp3,済
w_hat,hat,,帽子,hat.mp3,済
w_hate,hate,,大きらい、憎む,hate.mp3,済
w_have,have,,持っている,have.mp3,済
w_haven_t,haven't,,〜していない、持っていない（have not）,haven't.mp3,済
w_having,having,,have（持っている）のing形,having.mp3,済
w_he,he,,彼,he.mp3,済
w_he_ll,he'll,,he will の短縮形（彼は〜するだろう）,he'll.mp3,済
w_he_s,he's,,彼は〜です（he is / he has）,he's.mp3,済
w_head,head,,頭,head.mp3,済
w_headache,headache,,頭痛,headache.mp3,済
w_headphones,headphones,,ヘッドフォン,headphones.mp3,済
w_healthy,healthy,,健康な,healthy.mp3,済
w_hear,hear,,聞こえる,hear.mp3,済
w_heard,heard,,hear（聞こえる）の過去形,heard.mp3,済
w_heart,heart,,心臓、心,heart.mp3,済
w_heat,heat,,温める,heat.mp3,済
w_heavy,heavy,,重い、激しい,heavy.mp3,済
w_hello,hello,,こんにちは、もしもし,hello.mp3,済
w_helmet,helmet,,ヘルメット,helmet.mp3,済
w_help,help,,助ける、手伝う,help.mp3,済
w_helped,helped,,help（助ける、手伝う）の過去形,helped.mp3,済
w_helpful,helpful,,役に立つ,helpful.mp3,済
w_helping,helping,,help（助ける、手伝う）のing形,helping.mp3,済
w_helps,helps,,help（助ける、手伝う）の三単現,helps.mp3,済
w_her,her,,彼女,her.mp3,済
w_here,here,,ここ,here.mp3,済
w_here_s,here's,,here is の短縮形（ここに〜がある）,here's.mp3,済
w_hers,hers,,かのじょのもの,hers.mp3,済
w_hey,hey,,ねえ、おい,hey.mp3,済
w_hiding,hiding,,hide（かくれる、かくす）のing形,hiding.mp3,済
w_higher,higher,,high（高い）の比較級,higher.mp3,済
w_hike,hike,,ハイキング（する）,hike.mp3,済
w_him,him,,彼を、彼に,him.mp3,済
w_his,his,,彼の、彼のもの,his.mp3,済
w_history,history,,歴史,history.mp3,済
w_hmm,hmm,,うーん,hmm.mp3,済
w_hobby,hobby,,趣味,hobby.mp3,済
w_Hokkaido,Hokkaido,,北海道,Hokkaido.mp3,済
w_home,home,,家,home.mp3,済
w_homework,homework,,宿題,homework.mp3,済
w_honestly,honestly,,正直に、正直なところ,honestly.mp3,済
w_hope,hope,,望む、希望,hope.mp3,済
w_hopes,hopes,,hope（望む、希望）の三単現,hopes.mp3,済
w_horror,horror,,恐怖、ホラー,horror.mp3,済
w_horse,horse,,馬,horse.mp3,済
w_hospital,hospital,,病院,hospital.mp3,済
w_hot,hot,,暑い,hot.mp3,済
w_hotel,hotel,,ホテル,hotel.mp3,済
w_hotels,hotels,,hotel（ホテル）の複数形,hotels.mp3,済
w_hour,hour,,時間（1時間）,hour.mp3,済
w_hours,hours,,時間,hours.mp3,済
w_house,house,,家,house.mp3,済
w_how,how,,どのように,how.mp3,済
w_How many,How many,,いくつ？,How many.mp3,済
w_how_s,How's,,How is の短縮形（〜はどう？）,How's.mp3,済
w_huge,huge,,とても大きい、巨大な,huge.mp3,済
w_huh,huh,,え？、はぁ？,huh.mp3,済
w_hundred,hundred,,100,hundred.mp3,済
w_hundreds,hundreds,,hundred（100）の複数形,hundreds.mp3,済
w_hung_out,hung out,,hang out（遊ぶ）の過去形,hung out.mp3,済
w_hungry,hungry,,お腹がすいた,hungry.mp3,済
w_hurry,hurry,,急ぐ,hurry.mp3,済
w_hurrying,hurrying,,hurry（急ぐ）のing形,hurrying.mp3,済
w_hurt,hurt,,傷つける、痛む,hurt.mp3,済
w_hurts,hurts,,hurt（傷つける、痛む）の三単現,hurts.mp3,済
w_i,I,,私,i.mp3,済
w_i_d,i'd,,I wouldまたはI hadの短縮形,i'd.mp3,済
w_i_ll,i'll,,私は〜するつもり（I will）,i'll.mp3,済
w_i_m,i'm,,私は〜です（I am）,i'm.mp3,済
w_i_ve,i've,,I haveの短縮形,i've.mp3,済
w_ice,ice,,氷,ice.mp3,済
w_icy,icy,,凍った、氷のような,icy.mp3,済
w_idea,idea,,アイディア,idea.mp3,済
w_ideas,ideas,,idea（考え、アイデア）の複数形,ideas.mp3,済
w_if,if,,もし〜なら,if.mp3,済
w_ignored,ignored,,ignore（無視する）の過去形,ignored.mp3,済
w_important,important,,大切な、重要な,important.mp3,済
w_impressive,impressive,,印象的な、すごい,impressive.mp3,済
w_improve,improve,,上達する、改善する,improve.mp3,済
w_in,in,,～の中,in.mp3,済
w_inside,inside,,中に,inside.mp3,済
w_instead,instead,,その代わりに,instead.mp3,済
w_instructions,instructions,,説明書、指示,instructions.mp3,済
w_intense,intense,,激しい、強烈な,intense.mp3,済
w_interest,interest,,興味、〜に興味を持たせる（interestingは面白い）,interest.mp3,済
w_interesting,interesting,,interest（興味、〜に興味を持たせる）のing形,interesting.mp3,済
w_into,into,,〜の中へ,into.mp3,済
w_invited,invited,,invite（招待する）の過去形,invited.mp3,済
w_is,is,,〜です、〜である（be動詞）,is.mp3,済
w_isn_t,isn't,,〜ではない（is not）,isn't.mp3,済
w_issue,issue,,問題、課題,issue.mp3,済
w_issues,issues,,issue（問題、課題）の複数形,issues.mp3,済
w_it,it,,それ,it.mp3,済
w_it_s,it's,,それは〜です（it is / it has）,it's.mp3,済
w_its,its,,それの,its.mp3,済
w_jacket,jacket,,ジャケット、上着,jacket.mp3,済
w_japan,japan,,日本,japan.mp3,済
w_Japanese,Japanese,,日本人,Japanese.mp3,済
w_job,job,,仕事,job.mp3,済
w_join,join,,参加する、加わる,join.mp3,済
w_joining,joining,,join（参加する、加わる）のing形,joining.mp3,済
w_joke,joke,,ジョーク,joke.mp3,済
w_joking,joking,,ジョークを行う,joking.mp3,済
w_juice,juice,,ジュース,juice.mp3,済
w_july,July,,7月,July.mp3,済
w_jumped,jumped,,jump（跳ぶ、ジャンプする）の過去形,jumped.mp3,済
w_just,just,,ちょうど、ただ〜だけ,just.mp3,済
w_kanji,kanji,,漢字,kanji.mp3,済
w_keep,keep,,保つ、〜し続ける,keep.mp3,済
w_keeps,keeps,,keep（保つ、〜し続ける）の三単現,keeps.mp3,済
w_kept,kept,,keep（保つ）の過去形,kept.mp3,済
w_key,key,,カギ,key.mp3,済
w_keys,keys,,key（カギ）の複数形,keys.mp3,済
w_kg,kg,,キログラム,kg.mp3,済
w_kid,kid,,子ども,kid.mp3,済
w_kids,kids,,kid（子ども）の複数形,kids.mp3,済
w_kilos,kilos,,キロ,kilos.mp3,済
w_kind,kind,,優しい,kind.mp3,済
w_kitchen,kitchen,,キッチン,kitchen.mp3,済
w_knitted,knitted,,knit（編む）の過去形,knitted.mp3,済
w_knocking,knocking,,knock（ノックする）のing形,knocking.mp3,済
w_know,know,,知っている,know.mp3,済
w_known,known,,know（知っている）の過去分詞,known.mp3,済
w_knows,knows,,know（知っている）の三単現,knows.mp3,済
w_lake,lake,,湖,lake.mp3,済
w_lakes,lakes,,lake（湖）の複数形,lakes.mp3,済
w_language,language,,言語、ことば,language.mp3,済
w_languages,languages,,language（言語、ことば）の複数形,languages.mp3,済
w_large,large,,大きい,large.mp3,済
w_last,last,,最後の、この前の、続く,last.mp3,済
w_lasted,lasted,,last（続く）の過去形,lasted.mp3,済
w_late,late,,遅い、遅れて,late.mp3,済
w_lately,lately,,最近,lately.mp3,済
w_later,later,,後で,later.mp3,済
w_laugh,laugh,,笑う,laugh.mp3,済
w_laughed,laughed,,laugh（笑う）の過去形,laughed.mp3,済
w_laughing,laughing,,laugh（笑う）のing形,laughing.mp3,済
w_leader,leader,,リーダー,leader.mp3,済
w_learn,learn,,学ぶ、覚える,learn.mp3,済
w_learning,learning,,learn（学ぶ、覚える）のing形,learning.mp3,済
w_least,least,,little（小さい、少しの）の最上級,least.mp3,済
w_leave,leave,,去る、出発する、置いていく,leave.mp3,済
w_leaves,leaves,,leave（去る、出発する、置いていく）の三単現,leaves.mp3,済
w_leaving,leaving,,leave（去る、出発する、置いていく）のing形,leaving.mp3,済
w_left,left,,去った、残した（leaveの過去）,left.mp3,済
w_leg,leg,,脚,leg.mp3,済
w_legs,legs,,leg（脚）の複数形,legs.mp3,済
w_lend,lend,,貸す,lend.mp3,済
w_less,less,,little（小さい、少しの）の比較級,less.mp3,済
w_lesson,lesson,,レッスン,lesson.mp3,済
w_lessons,lessons,,lesson（レッスン）の複数形,lessons.mp3,済
w_let,let,,〜させる,let.mp3,済
w_let_s,let's,,〜しよう（let us）,let's.mp3,済
w_letter,letter,,手紙,letter.mp3,済
w_letters,letters,,letter（手紙）の複数形,letters.mp3,済
w_libraries,libraries,,library（図書館）の複数形,libraries.mp3,済
w_library,library,,図書館,library.mp3,済
w_lie,lie,,横になる、うそをつく,lie.mp3,済
w_lies,lies,,lie（横になる、うそをつく）の三単現,lies.mp3,済
w_life,life,,人生、生活,life.mp3,済
w_lifesaver,lifesaver,,命の恩人、すごく助かるもの,lifesaver.mp3,済
w_lift,lift,,持ち上げる、リフト,lift.mp3,済
w_light,light,,明かり、電気,light.mp3,済
w_like,like,,好き、～みたい,like.mp3,済
w_likes,likes,,like（好き、～みたい）の複数形,likes.mp3,済
w_line,line,,線、列,line.mp3,済
w_lion,lion,,ライオン,lion.mp3,済
w_list,list,,リスト、一覧,list.mp3,済
w_listen,listen,,(注意して)聞く,listen.mp3,済
w_listened,listened,,listen（(注意して)聞く）の過去形,listened.mp3,済
w_listening,listening,,listen（（注意して）聞く）のing形,listening.mp3,済
w_lit,lit,,light（照らす・火をつける）の過去形,lit.mp3,済
w_little,little,,小さい、少しの,little.mp3,済
w_live,live,,住む、生きる,live.mp3,済
w_lived,lived,,live（住む、生きる）の過去形,lived.mp3,済
w_living,living,,住んでいる,living.mp3,済
w_living room,living room,,リビング,living room.mp3,済
w_locked,locked,,lock（鍵をかける）の過去形,locked.mp3,済
w_locker,locker,,ロッカー,locker.mp3,済
w_long,long,,長い,long.mp3,済
w_longer,longer,,long（長い）の比較級,longer.mp3,済
w_look,look,,見る、〜に見える,look.mp3,済
w_looked,looked,,look（見る、〜に見える）の過去形,looked.mp3,済
w_looking,looking,,look（見る、〜に見える）のing形,looking.mp3,済
w_looks,looks,,look（見る、〜に見える）の三単現,looks.mp3,済
w_lost,lost,,失った、負けた（loseの過去）,lost.mp3,済
w_lot,lot,,たくさん,lot.mp3,済
w_lots,lots,,たくさん,lots.mp3,済
w_loud,loud,,（音が）大きい、うるさい,loud.mp3,済
w_louder,louder,,loud（（音が）大きい、うるさい）の比較級,louder.mp3,済
w_loudly,loudly,,大きな声で,loudly.mp3,済
w_love,love,,大好き,love.mp3,済
w_loved,loved,,love（大好き、愛する）の過去形,loved.mp3,済
w_lovely,lovely,,すてきな、かわいらしい,lovely.mp3,済
w_loves,loves,,love（大好き）の複数形,loves.mp3,済
w_lucky,lucky,,運がいい,lucky.mp3,済
w_lunch,lunch,,ランチ,lunch.mp3,済
w_machine,machine,,機械,machine.mp3,済
w_mad,mad,,怒った、頭にきた,mad.mp3,済
w_made,made,,つくった,made.mp3,済
w_make,make,,つくる,make.mp3,済
w_makes,makes,,make（つくる）の三単現,makes.mp3,済
w_mall,mall,,ショッピングモール,mall.mp3,済
w_manager,manager,,マネージャー,manager.mp3,済
w_manga,manga,,漫画,manga.mp3,済
w_many,many,,たくさん,many.mp3,済
w_married,married,,marry（結婚する）の過去形,married.mp3,済
w_marry,marry,,結婚する,marry.mp3,済
w_mary,mary,,メアリー（人の名前）,mary.mp3,済
w_mary_s,mary's,,メアリーの,mary's.mp3,済
w_math,math,,数学,math.mp3,済
w_max,max,,最大,max.mp3,済
w_may,may,,〜かもしれない、〜してもよい,may.mp3,済
w_maybe,maybe,,たぶん,maybe.mp3,済
w_me,me,,私を、私に,me.mp3,済
w_meal,meal,,食事,meal.mp3,済
w_meals,meals,,meal（食事）の複数形,meals.mp3,済
w_mean,mean,,意味する,mean.mp3,済
w_means,means,,mean（意味する）の三単現,means.mp3,済
w_meant,meant,,mean（意味する）の過去形,meant.mp3,済
w_measure,measure,,測る,measure.mp3,済
w_mechanic,mechanic,,整備士、機械工,mechanic.mp3,済
w_meet,meet,,会う,meet.mp3,済
w_meeting,meeting,,meet（会う）のing形,meeting.mp3,済
w_message,message,,メッセージ,message.mp3,済
w_middle,middle,,真ん中,middle.mp3,済
w_midnight,midnight,,真夜中,midnight.mp3,済
w_might,might,,〜かもしれない,might.mp3,済
w_milk,milk,,牛乳,milk.mp3,済
w_million,million,,百万,million.mp3,済
w_mind,mind,,心、気持ち、気にする,mind.mp3,済
w_mine,mine,,わたしのもの,mine.mp3,済
w_minute,minute,,分,minute.mp3,済
w_minutes,minutes,,分,minutes.mp3,済
w_miss,miss,,逃す、〜がいなくて寂しい,miss.mp3,済
w_missing,missing,,見当たらない、行方不明の,missing.mp3,済
w_mistake,mistake,,間違い、ミス,mistake.mp3,済
w_mistakes,mistakes,,mistake（間違い、ミス）の複数形,mistakes.mp3,済
w_mix,mix,,混ぜる,mix.mp3,済
w_mixed,mixed,,mix（混ぜる）の過去形,mixed.mp3,済
w_mom,mom,,お母さん,mom.mp3,済
w_mom_s,mom's,,mom（お母さん）の所有格、またはmom is の短縮形,mom's.mp3,済
w_Monday,Monday,,月曜日,Monday.mp3,済
w_mondays,Mondays,,Monday（月曜日）の複数形,Mondays.mp3,済
w_money,money,,お金,money.mp3,済
w_monkey,monkey,,猿,monkey.mp3,済
w_monkeys,monkeys,,monkey（猿）の複数形,monkeys.mp3,済
w_monster,monster,,モンスター,monster.mp3,済
w_month,month,,月（つき）,month.mp3,済
w_mood,mood,,気分,mood.mp3,済
w_more,more,,もっと、より多くの,more.mp3,済
w_morning,morning,,朝,morning.mp3,済
w_most,most,,最も、ほとんどの,most.mp3,済
w_mother,mother,,母,mother.mp3,済
w_mountains,mountains,,mountain（山）の複数形,mountains.mp3,済
w_move,move,,動く、引っ越す,move.mp3,済
w_movie,movie,,映画,movie.mp3,済
w_movies,movies,,movie（映画）の複数形,movies.mp3,済
w_mr,mr,,〜さん（男性の敬称、Mr.）,mr.mp3,済
w_much,much,,たくさんの、とても,much.mp3,済
w_music,music,,音楽,music.mp3,済
w_must,must,,〜しなければならない、〜にちがいない,must.mp3,済
w_mustn_t,mustn't,,〜してはいけない（must not）,mustn't.mp3,済
w_muted,muted,,mute（消音する）の過去形,muted.mp3,済
w_my,my,,私の,my.mp3,済
w_myself,myself,,私自身,myself.mp3,済
w_mystery,mystery,,ミステリー、なぞ,mystery.mp3,済
w_name,name,,名前,name.mp3,済
w_named,named,,name（名づける）の過去形,named.mp3,済
w_names,names,,name（名前）の複数形,names.mp3,済
w_nap,nap,,昼寝,nap.mp3,済
w_natto,natto,,納豆,natto.mp3,済
w_natural,natural,,自然な,natural.mp3,済
w_near,near,,〜の近くに,near.mp3,済
w_need,need,,必要,need.mp3,済
w_needs,needs,,need（必要）の複数形,needs.mp3,済
w_nervous,nervous,,緊張,nervous.mp3,済
w_never,never,,一度も〜ない、決して〜ない,never.mp3,済
w_new,new,,新しい,new.mp3,済
w_news,news,,ニュース,news.mp3,済
w_next,next,,次の,next.mp3,済
w_nice,nice,,良い,nice.mp3,済
w_nicely,nicely,,うまく、きちんと,nicely.mp3,済
w_night,night,,夜,night.mp3,済
w_nine,nine,,9,nine.mp3,済
w_nineteen,nineteen,,19,nineteen.mp3,済
w_ninety,ninety,,90,ninety.mp3,済
w_no,no,,いいえ、〜がない,no.mp3,済
w_nobody,nobody,,誰も〜ない,nobody.mp3,済
w_nobody_s,nobody's,,誰も〜ない（nobody is）,nobody's.mp3,済
w_noise,noise,,物音、騒音,noise.mp3,済
w_noises,noises,,noise（物音、騒音）の複数形,noises.mp3,済
w_noisy,noisy,,うるさい、騒がしい,noisy.mp3,済
w_noon,noon,,正午,noon.mp3,済
w_nope,nope,,いや、ううん（No のくだけた言い方）,nope.mp3,済
w_north,north,,北,north.mp3,済
w_nose,nose,,鼻,nose.mp3,済
w_not,not,,〜ない,not.mp3,済
w_notebook,notebook,,ノート,notebook.mp3,済
w_notebooks,notebooks,,notebook（ノート）の複数形,notebooks.mp3,済
w_nothing,nothing,,何も〜ない,nothing.mp3,済
w_novel,novel,,小説,novel.mp3,済
w_now,now,,今,now.mp3,済
w_number,number,,数字、番号,number.mp3,済
w_nurse,nurse,,看護師,nurse.mp3,済
w_o'clock,o'clock,,～時,o'clock.mp3,済
w_ocean,ocean,,海、大洋,ocean.mp3,済
w_october,October,,10月,October.mp3,済
w_octopus,octopus,,タコ,octopus.mp3,済
w_of,of,,〜の,of.mp3,済
w_of course,of course,,もちろん,of course.mp3,済
w_off,off,,離れて、（スイッチが）切れて,off.mp3,済
w_office,office,,オフィス、事務所,office.mp3,済
w_often,often,,しばしば、よく,often.mp3,済
w_oh,oh,,ああ、おお,oh.mp3,済
w_ok,OK,,オーケー、いいよ,OK.mp3,済
w_okay,okay,,オーケー、いいよ,okay.mp3,済
w_old,old,,古い、年をとった,old.mp3,済
w_on,on,,〜の上に、（スイッチが）ついて,on.mp3,済
w_once,once,,1回、一度,once.mp3,済
w_one,one,,1,one.mp3,済
w_online,online,,オンラインで,online.mp3,済
w_only,only,,〜だけ、ただ,only.mp3,済
w_oops,oops,,おっと,oops.mp3,済
w_open,open,,開ける,open.mp3,済
w_opened,opened,,open（開ける）の過去形,opened.mp3,済
w_opens,opens,,open（開ける）の三単現,opens.mp3,済
w_or,or,,または,or.mp3,済
w_orange,orange,,オレンジ,orange.mp3,済
w_oranges,oranges,,orange（オレンジ）の複数形,oranges.mp3,済
w_order,order,,注文する、注文、順番,order.mp3,済
w_Osaka,Osaka,,大阪,Osaka.mp3,済
w_other,other,,他の,other.mp3,済
w_our,our,,私たちの,our.mp3,済
w_ours,ours,,私たちのもの,ours.mp3,済
w_out,out,,出る,out.mp3,済
w_outside,outside,,外で、外に,outside.mp3,済
w_over,over,,〜の上に、〜を越えて、終わって,over.mp3,済
w_over there,over there,,あそこ,over there.mp3,済
w_overslept,overslept,,oversleep（寝坊する）の過去形,overslept.mp3,済
w_own,own,,自分自身の,own.mp3,済
w_packed,packed,,pack（詰める）の過去形,packed.mp3,済
w_paint,paint,,（絵を）描く、ペンキを塗る,paint.mp3,済
w_painted,painted,,paint（（絵を）描く、ペンキを塗る）の過去形,painted.mp3,済
w_painting,painting,,paint（描く、ペンキを塗る）のing形,painting.mp3,済
w_pair,pair,,ペア、1組,pair.mp3,済
w_pancakes,pancakes,,pancake（パンケーキ）の複数形,pancakes.mp3,済
w_paper,paper,,紙,paper.mp3,済
w_parent,parent,,親,parent.mp3,済
w_parents,parents,,parent（親）の複数形,parents.mp3,済
w_park,park,,公園、駐車する,park.mp3,済
w_parks,parks,,park（公園）の複数形,parks.mp3,済
w_party,party,,パーティー,party.mp3,済
w_pass,pass,,渡す、通る、合格する,pass.mp3,済
w_passed,passed,,pass（渡す、通る、合格する）の過去形,passed.mp3,済
w_past,past,,（時を）過ぎて、過去,past.mp3,済
w_pasta,pasta,,パスタ,pasta.mp3,済
w_pay,pay,,払う,pay.mp3,済
w_pays,pays,,pay（払う）の三単現,pays.mp3,済
w_peaceful,peaceful,,平和な、穏やかな,peaceful.mp3,済
w_pen,pen,,ペン,pen.mp3,済
w_pencil,pencil,,鉛筆,pencil.mp3,済
w_pencils,pencils,,pencil（鉛筆）の複数形,pencils.mp3,済
w_pens,pens,,pen（ペン）の複数形,pens.mp3,済
w_people,people,,人々,people.mp3,済
w_perfect,perfect,,完璧な,perfect.mp3,済
w_performance,performance,,演技、公演、成績,performance.mp3,済
w_person,person,,人,person.mp3,済
w_phone,phone,,電話,phone.mp3,済
w_photo,photo,,写真,photo.mp3,済
w_photos,photos,,photo（写真）の複数形,photos.mp3,済
w_piano,piano,,ピアノ,piano.mp3,済
w_pick,pick,,選ぶ、拾う,pick.mp3,済
w_picked,picked,,pick（選ぶ、拾う）の過去形,picked.mp3,済
w_picture,picture,,写真,picture.mp3,済
w_pictures,pictures,,picture（写真）の複数形,pictures.mp3,済
w_piece,piece,,一切れ、一つ,piece.mp3,済
w_pillow,pillow,,枕,pillow.mp3,済
w_pizza,pizza,,ピザ,pizza.mp3,済
w_place,place,,場所,place.mp3,済
w_plan,plan,,計画、計画する,plan.mp3,済
w_plane,plane,,飛行機,plane.mp3,済
w_plant,plant,,植物、植える,plant.mp3,済
w_planted,planted,,plant（植える）の過去形,planted.mp3,済
w_plates,plates,,plate（皿）の複数形,plates.mp3,済
w_play,play,,プレイする,play.mp3,済
w_played,played,,play（プレイする）の過去形,played.mp3,済
w_playground,playground,,遊び場、公園,playground.mp3,済
w_playing,playing,,play（プレイする）のing形,playing.mp3,済
w_plays,plays,,play（プレイする）の三単現,plays.mp3,済
w_please,please,,お願いします,please.mp3,済
w_plenty,plenty,,たくさん、十分,plenty.mp3,済
w_pm,pm,,午後,pm.mp3,済
w_pocket,pocket,,ポケット,pocket.mp3,済
w_point,point,,点、要点、指さす,point.mp3,済
w_points,points,,point（点、要点、指さす）の複数形,points.mp3,済
w_police,police,,警察,police.mp3,済
w_pool,pool,,プール,pool.mp3,済
w_poor,poor,,貧しい、かわいそうな、下手な,poor.mp3,済
w_pop,pop,,ポップ,pop.mp3,済
w_popular,popular,,人気のある,popular.mp3,済
w_possible,possible,,可能な,possible.mp3,済
w_possibly,possibly,,もしかすると、ひょっとして,possibly.mp3,済
w_poster,poster,,ポスター,poster.mp3,済
w_potato,potato,,じゃがいも,potato.mp3,済
w_potatoes,potatoes,,potato（じゃがいも）の複数形,potatoes.mp3,済
w_practice,practice,,練習する、練習,practice.mp3,済
w_practiced,practiced,,practice（練習する、練習）の過去形,practiced.mp3,済
w_practices,practices,,practice（練習する、練習）の三単現,practices.mp3,済
w_practicing,practicing,,practice（練習する）のing形,practicing.mp3,済
w_praise,praise,,ほめる,praise.mp3,済
w_praised,praised,,praise（ほめる）の過去形,praised.mp3,済
w_prefer,prefer,,〜のほうが好き,prefer.mp3,済
w_prepare,prepare,,準備する,prepare.mp3,済
w_present,present,,プレゼント、贈り物、現在の,present.mp3,済
w_pretty,pretty,,かなり,pretty.mp3,済
w_price,price,,値段、価格,price.mp3,済
w_principal,principal,,校長,principal.mp3,済
w_pro,pro,,プロ,pro.mp3,済
w_probably,probably,,たぶん、おそらく,probably.mp3,済
w_problem,problem,,問題,problem.mp3,済
w_project,project,,プロジェクト、課題,project.mp3,済
w_promise,promise,,約束する、約束,promise.mp3,済
w_protect,protect,,守る,protect.mp3,済
w_pull,pull,,引く,pull.mp3,済
w_purpose,purpose,,目的（on purpose で「わざと」）,purpose.mp3,済
w_push,push,,押す,push.mp3,済
w_put,put,,置く,put.mp3,済
w_putting,putting,,put（置く）のing形,putting.mp3,済
w_puzzle,puzzle,,パズル,puzzle.mp3,済
w_question,question,,質問,question.mp3,済
w_quick,quick,,速い、すばやい,quick.mp3,済
w_quiet,quiet,,静か,quiet.mp3,済
w_race,race,,レース、競争,race.mp3,済
w_racing,racing,,race（競争する）のing形、（心臓が）ドキドキする,racing.mp3,済
w_rain,rain,,雨、雨が降る,rain.mp3,済
w_rainbow,rainbow,,虹,rainbow.mp3,済
w_rained,rained,,rain（雨、雨が降る）の過去形,rained.mp3,済
w_raining,raining,,rain（雨、雨が降る）のing形,raining.mp3,済
w_rains,rains,,rain（雨、雨が降る）の複数形,rains.mp3,済
w_rainy,rainy,,雨の,rainy.mp3,済
w_raise,raise,,上げる、持ち上げる,raise.mp3,済
w_ramen,ramen,,ラーメン,ramen.mp3,済
w_ran,ran,,走った,ran.mp3,済
w_rang,rang,,ring（鳴る）の過去形,rang.mp3,済
w_rated,rated,,rate（評価する）の過去形,rated.mp3,済
w_reach,reach,,届く、着く、手を伸ばす,reach.mp3,済
w_read,read,,読む,read.mp3,済
w_reading,reading,,read（読む）のing形,reading.mp3,済
w_reads,reads,,read（読む）の三単現,reads.mp3,済
w_ready,ready,,準備できた状態,ready.mp3,済
w_real,real,,本当の、本物の,real.mp3,済
w_really,really,,本当に,really.mp3,済
w_recipe,recipe,,レシピ、作り方,recipe.mp3,済
w_recommend,recommend,,すすめる、推薦する,recommend.mp3,済
w_red,red,,赤,red.mp3,済
w_refrigerator,refrigerator,,冷蔵庫,refrigerator.mp3,済
w_relax,relax,,リラックスする,relax.mp3,済
w_relaxing,relaxing,,relax（リラックスする）のing形,relaxing.mp3,済
w_release,release,,発売する、公開する,release.mp3,済
w_released,released,,release（発売する、公開する）の過去形,released.mp3,済
w_remember,remember,,覚えている、思い出す,remember.mp3,済
w_remembering,remembering,,remember（覚えている、思い出す）のing形,remembering.mp3,済
w_remembers,remembers,,remember（覚えている、思い出す）の三単現,remembers.mp3,済
w_remind,remind,,思い出させる,remind.mp3,済
w_reminds,reminds,,remind（思い出させる）の三単現,reminds.mp3,済
w_reply,reply,,返事（する）,reply.mp3,済
w_report,report,,レポート、報告する,report.mp3,済
w_rest,rest,,休む、休憩、残り,rest.mp3,済
w_restaurant,restaurant,,レストラン,restaurant.mp3,済
w_restless,restless,,落ち着かない,restless.mp3,済
w_rice,rice,,米,rice.mp3,済
w_ridden,ridden,,ride（乗る）の過去分詞,ridden.mp3,済
w_ride,ride,,乗る,ride.mp3,済
w_right,right,,右、正解,right.mp3,済
w_ring,ring,,鳴る、指輪,ring.mp3,済
w_ringing,ringing,,ring（鳴る）のing形,ringing.mp3,済
w_rise,rise,,昇る、上がる,rise.mp3,済
w_rising,rising,,rise（昇る、上がる）のing形,rising.mp3,済
w_river,river,,川,river.mp3,済
w_road,road,,道,road.mp3,済
w_rock,rock,,岩、ロック（音楽）,rock.mp3,済
w_roll,roll,,転がる、転がす,roll.mp3,済
w_roller,roller,,ローラー（roller coaster でジェットコースター）,roller.mp3,済
w_romance,romance,,ロマンス、恋愛,romance.mp3,済
w_rooftop,rooftop,,屋上,rooftop.mp3,済
w_room,room,,部屋,room.mp3,済
w_rope,rope,,ロープ、縄,rope.mp3,済
w_rude,rude,,失礼な,rude.mp3,済
w_run,run,,走る,run.mp3,済
w_runner,runner,,run（走る）の派生語（走る人）,runner.mp3,済
w_runners,runners,,runner（走る人）の複数形,runners.mp3,済
w_running,running,,run（走る）のing形,running.mp3,済
w_runs,runs,,run（走る）の三単現,runs.mp3,済
w_rush,rush,,急ぐ,rush.mp3,済
w_rushed,rushed,,rush（急ぐ）の過去形,rushed.mp3,済
w_sad,sad,,悲しい,sad.mp3,済
w_said,said,,言った,said.mp3,済
w_salad,salad,,サラダ,salad.mp3,済
w_salads,salads,,salad（サラダ）の複数形,salads.mp3,済
w_sale,sale,,セール、特売,sale.mp3,済
w_salt,salt,,塩,salt.mp3,済
w_salty,salty,,しょっぱい、塩辛い,salty.mp3,済
w_same,same,,同じ,same.mp3,済
w_sandwich,sandwich,,サンドウィッチ,sandwich.mp3,済
w_sandwiches,sandwiches,,sandwich（サンドウィッチ）の複数形,sandwiches.mp3,済
w_sat,sat,,座った,sat.mp3,済
w_Saturday,Saturday,,土曜日,Saturday.mp3,済
w_saturdays,Saturdays,,Saturday（土曜日）の複数形,Saturdays.mp3,済
w_sauce,sauce,,ソース,sauce.mp3,済
w_save,save,,守る、とっておく,save.mp3,済
w_saved,saved,,save（守る、とっておく）の過去形,saved.mp3,済
w_saving,saving,,save（守る、とっておく）のing形,saving.mp3,済
w_saw,saw,,see（見える）の過去形,saw.mp3,済
w_say,say,,言う,say.mp3,済
w_scare,scare,,怖がらせる（scaredは怖がって）,scare.mp3,済
w_scared,scared,,scare（怖がらせる）の過去形,scared.mp3,済
w_scary,scary,,こわい、おそろしい,scary.mp3,済
w_school,school,,学校,school.mp3,済
w_science,science,,科学、理科,science.mp3,済
w_screen,screen,,画面、スクリーン,screen.mp3,済
w_sea,sea,,海,sea.mp3,済
w_season,season,,季節,season.mp3,済
w_seat,seat,,席、座席,seat.mp3,済
w_sec,sec,,"ちょっと（=a sec, 一瞬）",sec.mp3,済
w_second,second,,秒、2番目の,second.mp3,済
w_secret,secret,,秘密,secret.mp3,済
w_see,see,,見える,see.mp3,済
w_seeing,seeing,,see（見える）のing形,seeing.mp3,済
w_seem,seem,,〜のように見える、〜らしい,seem.mp3,済
w_seen,seen,,見た（seeの過去分詞）,seen.mp3,済
w_sees,sees,,see（見える）の三単現,sees.mp3,済
w_selected,selected,,select（選ぶ）の過去形,selected.mp3,済
w_send,send,,送る,send.mp3,済
w_sending,sending,,send（送る）のing形,sending.mp3,済
w_sends,sends,,send（送る）の三単現,sends.mp3,済
w_sense,sense,,感覚、意味（make sense で「筋が通る」）,sense.mp3,済
w_sent,sent,,send（送る）の過去形,sent.mp3,済
w_seriously,seriously,,真剣に、まじで,seriously.mp3,済
w_set,set,,セットする、置く、（太陽が）沈む,set.mp3,済
w_seven,seven,,7,seven.mp3,済
w_seventeen,seventeen,,17,seventeen.mp3,済
w_seventy,seventy,,70,seventy.mp3,済
w_shake,shake,,振る、揺れる,shake.mp3,済
w_shaking,shaking,,shake（振る、揺れる）のing形,shaking.mp3,済
w_shall,shall,,〜しましょうか、〜だろう,shall.mp3,済
w_shape,shape,,形,shape.mp3,済
w_sharpen,sharpen,,削る、研ぐ,sharpen.mp3,済
w_she,she,,彼女,she.mp3,済
w_she_ll,she'll,,彼女は〜するつもり（she will）,she'll.mp3,済
w_she_s,she's,,彼女は〜です（she is / she has）,she's.mp3,済
w_sheet,sheet,,シート,sheet.mp3,済
w_shelf,shelf,,棚,shelf.mp3,済
w_shh,shh,,シーッ（静かにの合図）,shh.mp3,済
w_shirt,shirt,,シャツ,shirt.mp3,済
w_shoe,shoe,,靴,shoe.mp3,済
w_shoes,shoes,,shoe（靴）の複数形,shoes.mp3,済
w_shop,shop,,店,shop.mp3,済
w_shopping,shopping,,shop（店）のing形,shopping.mp3,済
w_shops,shops,,shop（店）の複数形,shops.mp3,済
w_short,short,,短い,short.mp3,済
w_shot,shot,,shoot（撃つ、シュートする）の過去形,shot.mp3,済
w_should,should,,～すべき,should.mp3,済
w_shoulder,shoulder,,肩,shoulder.mp3,済
w_shouldn_t,shouldn't,,〜すべきでない（should not）,shouldn't.mp3,済
w_show,show,,見せる,show.mp3,済
w_showed,showed,,show（見せる）の過去形,showed.mp3,済
w_shower,shower,,シャワー,shower.mp3,済
w_shy,shy,,恥ずかしがりの、内気な,shy.mp3,済
w_sick,sick,,病気の、気分が悪い,sick.mp3,済
w_sign,sign,,看板、標識、サインする,sign.mp3,済
w_since,since,,〜以来、〜なので,since.mp3,済
w_sing,sing,,歌う,sing.mp3,済
w_singer,singer,,歌手,singer.mp3,済
w_singing,singing,,sing（歌う）のing形,singing.mp3,済
w_sings,sings,,sing（歌う）の三単現,sings.mp3,済
w_sister,sister,,姉妹,sister.mp3,済
w_sit,sit,,座る,sit.mp3,済
w_sitting,sitting,,sit（座る）のing形,sitting.mp3,済
w_six,six,,6,six.mp3,済
w_sixteen,sixteen,,16,sixteen.mp3,済
w_sixty,sixty,,60,sixty.mp3,済
w_skill,skill,,スキル、技能,skill.mp3,済
w_skills,skills,,skill（スキル、技能）の複数形,skills.mp3,済
w_skip,skip,,スキップする、飛ばす,skip.mp3,済
w_skipping,skipping,,skip（スキップする、飛ばす）のing形,skipping.mp3,済
w_sky,sky,,空,sky.mp3,済
w_slam,slam,,バタンと閉める、たたきつける,slam.mp3,済
w_sleep,sleep,,寝る,sleep.mp3,済
w_sleeping,sleeping,,sleep（寝る）のing形,sleeping.mp3,済
w_sleeps,sleeps,,sleep（寝る）の三単現,sleeps.mp3,済
w_sleepy,sleepy,,眠い,sleepy.mp3,済
w_slept,slept,,眠った（sleepの過去）,slept.mp3,済
w_slow,slow,,遅い、ゆっくりな,slow.mp3,済
w_slowly,slowly,,ゆっくりと,slowly.mp3,済
w_small,small,,小さい,small.mp3,済
w_smart,smart,,かしこい、頭がいい,smart.mp3,済
w_smarter,smarter,,smart（かしこい）の比較級,smarter.mp3,済
w_smartphone,smartphone,,スマホ,smartphone.mp3,済
w_smell,smell,,〜のにおいがする,smell.mp3,済
w_smells,smells,,smell（〜のにおいがする）の三単現,smells.mp3,済
w_smile,smile,,微笑む,smile.mp3,済
w_smiles,smiles,,smile（微笑む）の三単現,smiles.mp3,済
w_smiling,smiling,,smile（ほほえむ）のing形,smiling.mp3,済
w_smoke,smoke,,煙、タバコを吸う,smoke.mp3,済
w_snack,snack,,おやつ,snack.mp3,済
w_snacks,snacks,,snack（おやつ）の複数形,snacks.mp3,済
w_snakes,snakes,,へび,snakes.mp3,済
w_sneakers,sneakers,,スニーカー,sneakers.mp3,済
w_snow,snow,,雪、雪が降る,snow.mp3,済
w_so,so,,だから、とても,so.mp3,済
w_soccer,soccer,,サッカー,soccer.mp3,済
w_sofa,sofa,,ソファ,sofa.mp3,済
w_softer,softer,,soft（柔らかい）の比較級,softer.mp3,済
w_solve,solve,,解く、解決する,solve.mp3,済
w_solved,solved,,solve（解く、解決する）の過去形,solved.mp3,済
w_some,some,,ちょっと,some.mp3,済
w_someday,someday,,いつか,someday.mp3,済
w_someone,someone,,誰か,someone.mp3,済
w_something,something,,何か,something.mp3,済
w_something_s,something's,,Something is の短縮形（何かが〜）,something's.mp3,済
w_sometimes,sometimes,,ときどき,sometimes.mp3,済
w_somewhere,somewhere,,どこかに,somewhere.mp3,済
w_son,son,,息子,son.mp3,済
w_song,song,,歌,song.mp3,済
w_songs,songs,,song（歌）の複数形,songs.mp3,済
w_soon,soon,,すぐに、まもなく,soon.mp3,済
w_sooner,sooner,,soon（すぐに）の比較級,sooner.mp3,済
w_sorry,sorry,,ごめんなさい、気の毒で,sorry.mp3,済
w_sound,sound,,〜に聞こえる、音,sound.mp3,済
w_sounds,sounds,,sound（〜に聞こえる、音）の三単現,sounds.mp3,済
w_soup,soup,,スープ,soup.mp3,済
w_sparkly,sparkly,,キラキラ✨,sparkly.mp3,済
w_speak,speak,,話す,speak.mp3,済
w_speaks,speaks,,speak（話す）の三単現,speaks.mp3,済
w_speech,speech,,スピーチ、演説,speech.mp3,済
w_spell,spell,,つづる、スペルを言う,spell.mp3,済
w_spend,spend,,（お金や時間を）使う、過ごす,spend.mp3,済
w_spent,spent,,spend（（お金や時間を）使う）の過去形,spent.mp3,済
w_spicy,spicy,,辛い、スパイシーな,spicy.mp3,済
w_spill,spill,,こぼす,spill.mp3,済
w_spilled,spilled,,spill（こぼす）の過去形,spilled.mp3,済
w_spirit,spirit,,精神、気持ち,spirit.mp3,済
w_split,split,,分ける、割る,split.mp3,済
w_spoilers,spoilers,,ネタバレ,spoilers.mp3,済
w_spoke,spoke,,話した（speakの過去）,spoke.mp3,済
w_spoken,spoken,,speak（話す）の過去分詞,spoken.mp3,済
w_spoon,spoon,,スプーン,spoon.mp3,済
w_spoons,spoons,,spoon（スプーン）の複数形,spoons.mp3,済
w_sport,sport,,スポーツ,sport.mp3,済
w_sports,sports,,sport（スポーツ）の複数形,sports.mp3,済
w_spread,spread,,広げる、広がる,spread.mp3,済
w_spring,spring,,春、ばね,spring.mp3,済
w_stamp,stamp,,切手、スタンプ,stamp.mp3,済
w_stamps,stamps,,stamp（切手、スタンプ）の複数形,stamps.mp3,済
w_stand,stand,,立つ、我慢する,stand.mp3,済
w_standing,standing,,stand（立つ、我慢する）のing形,standing.mp3,済
w_star,star,,星,star.mp3,済
w_stars,stars,,star（星）の複数形,stars.mp3,済
w_start,start,,始める、始まる,start.mp3,済
w_started,started,,start（始める、始まる）の過去形,started.mp3,済
w_starts,starts,,start（始める、始まる）の三単現,starts.mp3,済
w_starving,starving,,すごくお腹がすいた（starve のing形）,starving.mp3,済
w_station,station,,駅,station.mp3,済
w_stations,stations,,station（駅）の複数形,stations.mp3,済
w_stay,stay,,滞在する,stay.mp3,済
w_stayed,stayed,,stay（滞在する）の過去形,stayed.mp3,済
w_staying,staying,,stay（滞在する）のing形,staying.mp3,済
w_steak,steak,,ステーキ,steak.mp3,済
w_steaks,steaks,,steak（ステーキ）の複数形,steaks.mp3,済
w_sticky,sticky,,べたべた,sticky.mp3,済
w_still,still,,まだ、それでも、静かな,still.mp3,済
w_stolen,stolen,,steal（盗む）の過去分詞,stolen.mp3,済
w_stomach,stomach,,胃、お腹,stomach.mp3,済
w_stood,stood,,立った,stood.mp3,済
w_stop,stop,,止まる、やめる,stop.mp3,済
w_stopped,stopped,,stop（止まる、やめる）の過去形,stopped.mp3,済
w_store,store,,店,store.mp3,済
w_stored,stored,,store（たくわえる）の過去形,stored.mp3,済
w_stories,stories,,story（ストーリー）の複数形,stories.mp3,済
w_story,story,,ストーリー,story.mp3,済
w_straight,straight,,まっすぐ（な）、続けて,straight.mp3,済
w_strange,strange,,変な、奇妙な,strange.mp3,済
w_stranger,stranger,,知らない人,stranger.mp3,済
w_strangers,strangers,,stranger（知らない人）の複数形,strangers.mp3,済
w_street,street,,通り、道,street.mp3,済
w_stringy,stringy,,ねばねば,stringy.mp3,済
w_stronger,stronger,,strong（強い）の比較級,stronger.mp3,済
w_stuck,stuck,,stick（くっつく・行き詰まる）の過去形,stuck.mp3,済
w_student,student,,学生,student.mp3,済
w_students,students,,student（学生）の複数形,students.mp3,済
w_studied,studied,,study（勉強する）の過去形,studied.mp3,済
w_studies,studies,,study（勉強する）の三単現,studies.mp3,済
w_study,study,,勉強する,study.mp3,済
w_studying,studying,,study（勉強する）のing形,studying.mp3,済
w_stuff,stuff,,もの、こと,stuff.mp3,済
w_subject,subject,,教科、話題,subject.mp3,済
w_such,such,,そんなに、とても,such.mp3,済
w_sugar,sugar,,砂糖,sugar.mp3,済
w_summer,summer,,夏,summer.mp3,済
w_sun,sun,,太陽,sun.mp3,済
w_Sunday,Sunday,,日曜日,Sunday.mp3,済
w_sundays,Sundays,,Sunday（日曜日）の複数形,Sundays.mp3,済
w_sunlight,sunlight,,日光,sunlight.mp3,済
w_sunny,sunny,,晴れた,sunny.mp3,済
w_sunshine,sunshine,,日光,sunshine.mp3,済
w_super,super,,すごく、超,super.mp3,済
w_superman,superman,,スーパーマン,superman.mp3,済
w_sure,sure,,もちろん、確信,sure.mp3,済
w_surprise,surprise,,驚かせる（surprisedは驚いた）,surprise.mp3,済
w_surprised,surprised,,surprise（驚かせる）の過去形,surprised.mp3,済
w_sushi,sushi,,寿司,sushi.mp3,済
w_swam,swam,,泳いだ,swam.mp3,済
w_sweater,sweater,,セーター,sweater.mp3,済
w_sweaters,sweaters,,sweater（セーター）の複数形,sweaters.mp3,済
w_sweet,sweet,,甘い、優しい,sweet.mp3,済
w_swim,swim,,泳ぐ,swim.mp3,済
w_swimming,swimming,,swim（泳ぐ）のing形,swimming.mp3,済
w_switch,switch,,スイッチ、切り替える,switch.mp3,済
w_table,table,,テーブル,table.mp3,済
w_tables,tables,,table（テーブル）の複数形,tables.mp3,済
w_take,take,,とる,take.mp3,済
w_taken,taken,,take（とる）の過去分詞,taken.mp3,済
w_takes,takes,,take（とる）の三単現,takes.mp3,済
w_taking,taking,,take（とる）のing形,taking.mp3,済
w_talk,talk,,話す,talk.mp3,済
w_talked,talked,,talk（話す）の過去形,talked.mp3,済
w_talking,talking,,talk（話す）のing形,talking.mp3,済
w_talks,talks,,talk（話す）の三単現,talks.mp3,済
w_tall,tall,,背が高い,tall.mp3,済
w_taller,taller,,tall（背が高い）の比較級,taller.mp3,済
w_tallest,tallest,,tall（背が高い）の最上級,tallest.mp3,済
w_tanaka,tanaka,,田中,tanaka.mp3,済
w_tank,tank,,タンク、水そう,tank.mp3,済
w_tastes,tastes,,taste（味がする）の三単現,tastes.mp3,済
w_tasty,tasty,,おいしい,tasty.mp3,済
w_tea,tea,,お茶,tea.mp3,済
w_teach,teach,,教える,teach.mp3,済
w_teacher,teacher,,先生,teacher.mp3,済
w_teachers,teachers,,teacher（先生）の複数形,teachers.mp3,済
w_teaches,teaches,,teach（教える）の三単現,teaches.mp3,済
w_team,team,,チーム,team.mp3,済
w_teeth,teeth,,tooth（歯）の複数形,teeth.mp3,済
w_tell,tell,,伝える,tell.mp3,済
w_tells,tells,,tell（伝える）の三単現,tells.mp3,済
w_ten,ten,,10,ten.mp3,済
w_tennis,tennis,,テニス,tennis.mp3,済
w_tent,tent,,テント,tent.mp3,済
w_test,test,,テスト,test.mp3,済
w_text,text,,メッセージ、文章,text.mp3,済
w_textbook,textbook,,教科書,textbook.mp3,済
w_than,than,,〜よりも,than.mp3,済
w_thank,thank,,感謝する,thank.mp3,済
w_thanks,thanks,,thank（感謝する）の三単現,thanks.mp3,済
w_that,that,,あれ,that.mp3,済
w_that_s,that's,,それは〜です（that is）,that's.mp3,済
w_the,the,,その,the.mp3,済
w_their,their,,彼らの,their.mp3,済
w_theirs,theirs,,彼らのもの,theirs.mp3,済
w_them,them,,彼らを、彼らに,them.mp3,済
w_then,then,,それから、その時,then.mp3,済
w_there,there,,そこ、～がある,there.mp3,済
w_there_s,there's,,There is の短縮形（〜がある）,there's.mp3,済
w_these,these,,これら,these.mp3,済
w_they,they,,彼らは,they.mp3,済
w_they_re,they're,,彼らは〜です（they are）,they're.mp3,済
w_they_ve,they've,,they have の短縮形,they've.mp3,済
w_thing,thing,,もの、こと,thing.mp3,済
w_things,things,,thing（もの、こと）の複数形,things.mp3,済
w_think,think,,考える、思う,think.mp3,済
w_thinking,thinking,,think（考える、思う）のing形,thinking.mp3,済
w_third,third,,3番目の、3日,third.mp3,済
w_thirteen,thirteen,,13,thirteen.mp3,済
w_thirty,thirty,,30,thirty.mp3,済
w_this,this,,これ,this.mp3,済
w_those,those,,あれら,those.mp3,済
w_though,though,,〜だけれども,though.mp3,済
w_thought,thought,,思った、考えた,thought.mp3,済
w_thousand,thousand,,1000,thousand.mp3,済
w_three,three,,3,three.mp3,済
w_through,through,,〜を通って、〜を通り抜けて,through.mp3,済
w_throw,throw,,投げる,throw.mp3,済
w_thrown,thrown,,throw（投げる）の過去分詞,thrown.mp3,済
w_Thursday,Thursday,,木曜日,Thursday.mp3,済
w_thursdays,Thursdays,,Thursday（木曜日）の複数形,Thursdays.mp3,済
w_ticket,ticket,,チケット,ticket.mp3,済
w_ticking,ticking,,tick（カチカチ鳴る）のing形,ticking.mp3,済
w_time,time,,時間、〜回,time.mp3,済
w_times,times,,time（時間、〜回）の複数形,times.mp3,済
w_tired,tired,,つかれてる,tired.mp3,済
w_to,to,,〜へ、〜すること,to.mp3,済
w_toast,toast,,トースト,toast.mp3,済
w_today,today,,今日,today.mp3,済
w_today_s,today's,,today（今日）の所有格（今日の）,today's.mp3,済
w_together,together,,一緒に,together.mp3,済
w_Tokyo,Tokyo,,東京,Tokyo.mp3,済
w_told,told,,言った、伝えた,told.mp3,済
w_tom,tom,,トム（人の名前）,tom.mp3,済
w_tomatoes,tomatoes,,tomato（トマト）の複数形,tomatoes.mp3,済
w_tomorrow,tomorrow,,明日,tomorrow.mp3,済
w_tomorrow_s,tomorrow's,,明日の,tomorrow's.mp3,済
w_ton,ton,,トン、たくさん（a ton of）,ton.mp3,済
w_tongue,tongue,,舌,tongue.mp3,済
w_tonight,tonight,,今夜,tonight.mp3,済
w_too,too,,～も、～すぎる,too.mp3,済
w_took,took,,取った、（時間が）かかった（takeの過去）,took.mp3,済
w_tooth,tooth,,歯,tooth.mp3,済
w_top,top,,一番上、頂上,top.mp3,済
w_totally,totally,,完全に、めっちゃ,totally.mp3,済
w_touch,touch,,さわる、触れる,touch.mp3,済
w_towards,towards,,〜のほうへ、〜に向かって,towards.mp3,済
w_towel,towel,,タオル,towel.mp3,済
w_towels,towels,,towel（タオル）の複数形,towels.mp3,済
w_town,town,,町,town.mp3,済
w_toy,toy,,おもちゃ,toy.mp3,済
w_toys,toys,,toy（おもちゃ）の複数形,toys.mp3,済
w_traffic,traffic,,交通、渋滞,traffic.mp3,済
w_train,train,,電車、トレーニングする,train.mp3,済
w_trained,trained,,train（電車、トレーニングする）の過去形,trained.mp3,済
w_trash,trash,,ゴミ,trash.mp3,済
w_travel,travel,,旅行する、移動する,travel.mp3,済
w_traveled,traveled,,travel（旅行する、移動する）の過去形,traveled.mp3,済
w_treated,treated,,treat（扱う、おごる、治療する）の過去形,treated.mp3,済
w_treats,treats,,扱う,treats.mp3,済
w_tree,tree,,木,tree.mp3,済
w_treehouse,treehouse,,ツリーハウス,treehouse.mp3,済
w_trees,trees,,tree（木）の複数形,trees.mp3,済
w_tricky,tricky,,ややこしい、難しい,tricky.mp3,済
w_trip,trip,,旅行,trip.mp3,済
w_truck,truck,,トラック,truck.mp3,済
w_true,true,,本当の、真実の,true.mp3,済
w_truth,truth,,真実,truth.mp3,済
w_try,try,,試す、やってみる,try.mp3,済
w_trying,trying,,try（試す、やってみる）のing形,trying.mp3,済
w_Tuesday,Tuesday,,火曜日,Tuesday.mp3,済
w_tuesdays,Tuesdays,,Tuesday（火曜日）の複数形,Tuesdays.mp3,済
w_tulip,tulip,,チューリップ,tulip.mp3,済
w_tulips,tulips,,tulip（チューリップ）の複数形,tulips.mp3,済
w_tunnel,tunnel,,トンネル,tunnel.mp3,済
w_turn,turn,,順番、曲がる、回す,turn.mp3,済
w_turned,turned,,turn（順番、曲がる、回す）の過去形,turned.mp3,済
w_tv,tv,,テレビ,tv.mp3,済
w_twelve,twelve,,12,twelve.mp3,済
w_twenty,twenty,,20,twenty.mp3,済
w_twice,twice,,2回、2倍,twice.mp3,済
w_two,two,,2,two.mp3,済
w_typing,typing,,type（タイプする、打ち込む）のing形,typing.mp3,済
w_ugh,ugh,,あ゛ー！,ugh.mp3,済
w_umbrella,umbrella,,傘,umbrella.mp3,済
w_under,under,,下に,under.mp3,済
w_understand,understand,,理解する,understand.mp3,済
w_understood,understood,,understand（理解する）の過去形,understood.mp3,済
w_unexpected,unexpected,,予想外の、思いがけない,unexpected.mp3,済
w_unit,unit,,ユニット,unit.mp3,済
w_until,until,,〜まで（ずっと）,until.mp3,済
w_up,up,,上に,up.mp3,済
w_upset,upset,,動揺した、怒った,upset.mp3,済
w_upstairs,upstairs,,上の階に、二階に,upstairs.mp3,済
w_us,us,,私たちを、私たちに,us.mp3,済
w_use,use,,使う,use.mp3,済
w_used,used,,use（使う）の過去形・過去分詞,used.mp3,済
w_useful,useful,,役に立つ、便利な,useful.mp3,済
w_using,using,,use（使う）のing形,using.mp3,済
w_usual,usual,,いつもの,usual.mp3,済
w_usually,usually,,たいてい、いつもは,usually.mp3,済
w_vacation,vacation,,休暇、休み,vacation.mp3,済
w_vacuum,vacuum,,掃除機,vacuum.mp3,済
w_very,very,,とても,very.mp3,済
w_video,video,,ビデオ、動画,video.mp3,済
w_video game,video game,,テレビゲーム,video game.mp3,済
w_video_games,video games,,video game（テレビゲーム）の複数形,video games.mp3,済
w_violin,violin,,バイオリン,violin.mp3,済
w_visit,visit,,訪れる,visit.mp3,済
w_visited,visited,,visit（訪れる）の過去形,visited.mp3,済
w_visiting,visiting,,visit（訪れる）のing形,visiting.mp3,済
w_voice,voice,,声,voice.mp3,済
w_wait,wait,,待つ,wait.mp3,済
w_waited,waited,,wait（待つ）の過去形,waited.mp3,済
w_waiter,waiter,,ウェイター、給仕,waiter.mp3,済
w_waiting,waiting,,wait（待つ）のing形,waiting.mp3,済
w_wake,wake,,起きる、目を覚ます,wake.mp3,済
w_walk,walk,,歩く,walk.mp3,済
w_walked,walked,,walk（歩く）の過去形,walked.mp3,済
w_walking,walking,,walk（歩く）のing形,walking.mp3,済
w_walks,walks,,walk（歩く）の三単現,walks.mp3,済
w_wall,wall,,壁,wall.mp3,済
w_wallet,wallet,,財布,wallet.mp3,済
w_walls,walls,,wall（壁）の複数形,walls.mp3,済
w_want,want,,欲している,want.mp3,済
w_wanted,wanted,,want（欲している）の過去形,wanted.mp3,済
w_wants,wants,,want（欲している）の三単現,wants.mp3,済
w_warm,warm,,あたたかい,warm.mp3,済
w_warning,warning,,警告、注意,warning.mp3,済
w_was,was,,isの過去形,was.mp3,済
w_wash,wash,,洗う,wash.mp3,済
w_washed,washed,,wash（洗う）の過去形,washed.mp3,済
w_washing,washing,,wash（洗う）のing形,washing.mp3,済
w_wasn_t,wasn't,,〜ではなかった（was not）,wasn't.mp3,済
w_watch,watch,,見る,watch.mp3,済
w_watched,watched,,watch（見る）の過去形,watched.mp3,済
w_watching,watching,,watch（見る）のing形,watching.mp3,済
w_water,water,,水,water.mp3,済
w_waved,waved,,wave（手を振る、波）の過去形,waved.mp3,済
w_way,way,,方法、道,way.mp3,済
w_we,we,,私たち,we.mp3,済
w_we_d,we'd,,私たちは〜だろう／〜したい（we would / we had）,we'd.mp3,済
w_we_ll,we'll,,私たちは〜するつもり（we will）,we'll.mp3,済
w_we_re,we're,,私たちは〜です（we are）,we're.mp3,済
w_wear,wear,,身につける、着る,wear.mp3,済
w_wearing,wearing,,wear（身につける、着る）のing形,wearing.mp3,済
w_wears,wears,,wear（身につける、着る）の三単現,wears.mp3,済
w_weather,weather,,天気,weather.mp3,済
w_Wednesday,Wednesday,,水曜日,Wednesday.mp3,済
w_wednesdays,Wednesdays,,Wednesday（水曜日）の複数形,Wednesdays.mp3,済
w_week,week,,週,week.mp3,済
w_weekdays,weekdays,,weekday（平日）の複数形,weekdays.mp3,済
w_weekend,weekend,,週末,weekend.mp3,済
w_weekends,weekends,,weekend（週末）の複数形,weekends.mp3,済
w_weird,weird,,変な、奇妙な,weird.mp3,済
w_welcome,welcome,,ようこそ、歓迎する,welcome.mp3,済
w_well,well,,よく,well.mp3,済
w_went,went,,行った,went.mp3,済
w_were,were,,areの過去形,were.mp3,済
w_weren_t,weren't,,〜ではなかった（were not）,weren't.mp3,済
w_wet,wet,,ぬれた、湿った,wet.mp3,済
w_what,what,,何？,what.mp3,済
w_what_s,what's,,何が〜、〜は何（what is）,what's.mp3,済
w_when,when,,いつ、～の時,when.mp3,済
w_where,Where,,どこ～？,where.mp3,済
w_where_d,where'd,,where did の短縮形（どこで〜した？）,where'd.mp3,済
w_where_s,where's,,どこに〜（where is）,where's.mp3,済
w_which,which,,どちら、どれ,which.mp3,済
w_while,while,,〜の間、〜する間に,while.mp3,済
w_white,white,,白,white.mp3,済
w_Who,Who,,誰～？,Who.mp3,済
w_who_s,who's,,who is の短縮形（誰が〜）,who's.mp3,済
w_whoa,whoa,,うわっ、おっと,whoa.mp3,済
w_whole,whole,,全体の、まるごとの,whole.mp3,済
w_whom,whom,,誰を、誰に,whom.mp3,済
w_whoops,whoops,,おっと（失敗したときの声）,whoops.mp3,済
w_whose,whose,,誰の,whose.mp3,済
w_why,why,,なぜ？,why.mp3,済
w_will,will,,〜するつもり、〜だろう,will.mp3,済
w_win,win,,勝つ,win.mp3,済
w_wind,wind,,風,wind.mp3,済
w_window,window,,窓,window.mp3,済
w_windows,windows,,window（窓）の複数形,windows.mp3,済
w_wins,wins,,win（勝つ）の三単現,wins.mp3,済
w_winter,winter,,冬,winter.mp3,済
w_wish,wish,,願う、願い,wish.mp3,済
w_with,with,,～といっしょに,with.mp3,済
w_within,within,,〜以内に、〜の中に,within.mp3,済
w_without,without,,～なしで,without.mp3,済
w_woke,woke,,起きた、目を覚ました,woke.mp3,済
w_won,won,,勝った（winの過去）,won.mp3,済
w_won_t,won't,,〜しないだろう（will not）,won't.mp3,済
w_wonder,wonder,,〜かなと思う、不思議に思う,wonder.mp3,済
w_wonderful,wonderful,,すばらしい,wonderful.mp3,済
w_wood,wood,,木、木材,wood.mp3,済
w_word,word,,言葉,word.mp3,済
w_words,words,,word（言葉）の複数形,words.mp3,済
w_wore,wore,,wear（身につける、着る）の過去形,wore.mp3,済
w_work,work,,はたらく,work.mp3,済
w_worked,worked,,work（はたらく）の過去形,worked.mp3,済
w_working,working,,work（はたらく）のing形,working.mp3,済
w_works,works,,work（はたらく）の三単現,works.mp3,済
w_world,world,,世界,world.mp3,済
w_worried,worried,,心配な気持ちにさせられた,worried.mp3,済
w_worry,worry,,心配する,worry.mp3,済
w_worse,worse,,bad/badly（悪い）の比較級,worse.mp3,済
w_worst,worst,,bad/badly（悪い）の最上級,worst.mp3,済
w_would,would,,〜だろう、〜するつもりだった,would.mp3,済
w_would you,would you,,～していただけますか,would you.mp3,済
w_wouldn_t,wouldn't,,〜しないだろう（would not）,wouldn't.mp3,済
w_wow,wow,,わあ、すごい,wow.mp3,済
w_write,write,,書く,write.mp3,済
w_writes,writes,,write（書く）の三単現,writes.mp3,済
w_writing,writing,,write（書く）のing形,writing.mp3,済
w_written,written,,write（書く）の過去分詞,written.mp3,済
w_wrong,wrong,,間違った、悪い,wrong.mp3,済
w_wrote,wrote,,write（書く）の過去形,wrote.mp3,済
w_yeah,yeah,,うん、そうだね,yeah.mp3,済
w_year,year,,年,year.mp3,済
w_years,years,,year（年）の複数形,years.mp3,済
w_yen,yen,,円（日本のお金）,yen.mp3,済
w_yep,yep,,うん（Yes のくだけた言い方）,yep.mp3,済
w_yes,yes,,はい,yes.mp3,済
w_yesterday,yesterday,,昨日,yesterday.mp3,済
w_yet,yet,,まだ、もう,yet.mp3,済
w_you,you,,あなた,you.mp3,済
w_you_d,You'd,,you would または you had の短縮形,You'd.mp3,済
w_you_ll,you'll,,あなたは〜するつもり（you will）,you'll.mp3,済
w_you_re,you're,,あなたは〜です（you are）,you're.mp3,済
w_you_ve,you've,,You have の短縮形,you've.mp3,済
w_youngest,youngest,,young（若い）の最上級,youngest.mp3,済
w_your,your,,あなたの,your.mp3,済
w_yours,yours,,あなたのもの,yours.mp3,済
w_yourself,yourself,,あなた自身,yourself.mp3,済
w_zoo,zoo,,動物園,zoo.mp3,済
w_lives,lives,,live（住む、生きる）の三単現、またはlife（人生、生活）の複数形,lives.mp3,済
w_anything_s,Anything's,,Anything is の短縮形,Anything's.mp3,済
w_costs,costs,,cost（費用がかかる、費用）の三単現・複数形,costs.mp3,済
w_believe,believe,,信じる,believe.mp3,済
w_flies,flies,,fly（飛ぶ）の三単現、またはfly（ハエ）の複数形,flies.mp3,済
w_guess,guess,,推測する、当てる,guess.mp3,済
w_whether,whether,,〜かどうか,whether.mp3,済
w_taught,taught,,teach（教える）の過去形,taught.mp3,済
w_choose,choose,,選ぶ,choose.mp3,済
w_invite,invite,,招待する、さそう,invite.mp3,済
w_confusing,confusing,,ややこしい、まぎらわしい,confusing.mp3,済
w_choices,choices,,choice（選択、選ぶこと）の複数形,choices.mp3,済
w_deciding,deciding,,decide（決める）のing形,deciding.mp3,済
w_college,college,,大学,college.mp3,済
w_band,band,,バンド,band.mp3,済
w_sits,sits,,sit（座る）の三単現,sits.mp3,済
w_barks,barks,,bark（吠える）の三単現,barks.mp3,済
w_camera,camera,,カメラ,camera.mp3,済
w_hi,hi,,やあ、こんにちは,hi.mp3,済
w_sells,sells,,sell（売る）の三単現,sells.mp3,済
w_records,records,,record（記録する、録音する、記録）の三単現・複数形,records.mp3,済
w_man,man,,男の人,man.mp3,済
w_fixed,fixed,,fix（直す、固定する）の過去形,fixed.mp3,済
w_tried,tried,,try（試す、やってみる）の過去形,tried.mp3,済
w_cafe,cafe,,カフェ、喫茶店,cafe.mp3,済
w_guy,guy,,男、やつ,guy.mp3,済
w_met,met,,meet（会う）の過去形,met.mp3,済
w_terrible,terrible,,ひどい、最悪な,terrible.mp3,済
w_library_s,library's,,library（図書館）の所有格、またはlibrary is の短縮形,library's.mp3,済
w_closed,closed,,close（閉める）の過去形、閉まっている,closed.mp3,済
w_reason,reason,,理由,reason.mp3,済
w_alive,alive,,生きている,alive.mp3,済
w_nothing_s,Nothing's,,Nothing is の短縮形,Nothing's.mp3,済
w_moment,moment,,瞬間、ちょっとの間,moment.mp3,済
w_chef,chef,,シェフ、料理人,chef.mp3,済
w_youtuber,YouTuber,,ユーチューバー,YouTuber.mp3,済
w_lyrics,lyrics,,歌詞,lyrics.mp3,済
w_woman,woman,,女の人,woman.mp3,済
w_author,author,,著者、作家,author.mp3,済
w_bestsellers,bestsellers,,bestseller（ベストセラー）の複数形,bestsellers.mp3,済
w_neighbor,neighbor,,近所の人、隣人,neighbor.mp3,済
w_yard,yard,,庭,yard.mp3,済
w_firefighter,firefighter,,消防士,firefighter.mp3,済
w_hero,hero,,ヒーロー、英雄,hero.mp3,済
w_cracks,cracks,,crack（ひび、割れ目）の複数形、crack（ひびが入る）の三単現,cracks.mp3,済
w_painter,painter,,画家、ペンキ屋,painter.mp3,済
w_moved,moved,,move（動く、引っ越す）の過去形,moved.mp3,済
w_london,London,,ロンドン,London.mp3,済
w_ms,Ms,,〜さん（女性の敬称、Ms.）,Ms.mp3,済
w_classes,classes,,class（クラス、授業）の複数形,classes.mp3,済
w_understands,understands,,understand（理解する）の三単現,understands.mp3,済
w_nara,Nara,,奈良,Nara.mp3,済
w_deer,deer,,シカ,deer.mp3,済
w_freely,freely,,自由に,freely.mp3,済
w_paris,Paris,,パリ,Paris.mp3,済
w_eiffel,Eiffel,,エッフェル（Eiffel Tower でエッフェル塔）,Eiffel.mp3,済
w_tower,Tower,,タワー、塔,Tower.mp3,済
w_breathtaking,breathtaking,,息をのむような、すばらしい,breathtaking.mp3,済
w_okinawa,Okinawa,,沖縄,Okinawa.mp3,済
w_cherry,cherry,,さくらんぼ、桜（cherry blossom で桜の花）,cherry.mp3,済
w_blossoms,blossoms,,blossom（花）の複数形,blossoms.mp3,済
w_bloom,bloom,,咲く,bloom.mp3,済
w_december,December,,12月,December.mp3,済
w_lights,lights,,light（明かり、電気）の複数形,lights.mp3,済
w_rent,rent,,家賃、借りる,rent.mp3,済
w_high,high,,高い,high.mp3,済
w_shares,shares,,share（分ける、共有する）の三単現,shares.mp3,済
w_flat,flat,,平らな、（イギリス英語で）アパート,flat.mp3,済
w_proud,proud,,誇りに思う、得意な,proud.mp3,済
w_ruined,ruined,,ruin（台なしにする）の過去形,ruined.mp3,済
w_plans,plans,,plan（計画）の複数形、plan（計画する）の三単現,plans.mp3,済
w_apologized,apologized,,apologize（謝る）の過去形,apologized.mp3,済
w_missed,missed,,miss（逃す、〜がいなくて寂しい）の過去形,missed.mp3,済
w_sang,sang,,sing（歌う）の過去形,sang.mp3,済
w_beautifully,beautifully,,美しく、見事に,beautifully.mp3,済
w_impressed,impressed,,impress（感動させる）の過去形、感動して,impressed.mp3,済
w_judges,judges,,judge（審査員）の複数形、judge（判断する）の三単現,judges.mp3,済
w_interrupting,interrupting,,interrupt（じゃまする、さえぎる）のing形,interrupting.mp3,済
w_annoyed,annoyed,,いらいらした、腹を立てた,annoyed.mp3,済
w_total,total,,合計、全部の,total.mp3,済
w_disaster,disaster,,災害、大失敗,disaster.mp3,済
w_knew,knew,,know（知っている）の過去形,knew.mp3,済
w_rich,rich,,お金持ちの、豊かな,rich.mp3,済
w_easily,easily,,簡単に、楽々と,easily.mp3,済
w_wings,wings,,wing（翼、羽）の複数形,wings.mp3,済
w_fly,fly,,飛ぶ,fly.mp3,済
w_swamped,swamped,,（仕事などに）追われて、いそがしくて,swamped.mp3,済
w_worth,worth,,〜の価値がある,worth.mp3,済
w_lottery,lottery,,宝くじ,lottery.mp3,済
w_tournament,tournament,,トーナメント、勝ち抜き試合,tournament.mp3,済
w_picnic,picnic,,ピクニック,picnic.mp3,済
w_tiny,tiny,,とても小さい,tiny.mp3,済
w_yawning,yawning,,yawn（あくびをする）のing形,yawning.mp3,済
w_jungle,jungle,,ジャングル,jungle.mp3,済
w_plants,plants,,plant（植物）の複数形、plant（植える）の三単現,plants.mp3,済
w_shocked,shocked,,ショックを受けた、びっくりした,shocked.mp3,済
w_confused,confused,,混乱した、こんがらがった,confused.mp3,済
w_kidding,kidding,,冗談を言う（Just kidding で「冗談だよ」）,kidding.mp3,済
w_shiny,shiny,,ぴかぴかの、輝いている,shiny.mp3,済
w_closet,closet,,クローゼット、押し入れ,closet.mp3,済
w_smaller,smaller,,small（小さい）の比較級,smaller.mp3,済
w_cuter,cuter,,cute（かわいい）の比較級,cuter.mp3,済
w_festivals,festivals,,festival（お祭り）の複数形,festivals.mp3,済
w_figure,figure,,フィギュア、人形、数字、姿,figure.mp3,済
w_somehow,somehow,,どういうわけか、なんとかして,somehow.mp3,済
w_sometime,sometime,,いつか,sometime.mp3,済
w_somebody,somebody,,誰か,somebody.mp3,済
w_somewhat,somewhat,,いくらか、多少,somewhat.mp3,済
w_depends,depends,,depend（〜次第である、たよる）の三単現,depends.mp3,済
w_budget,budget,,予算,budget.mp3,済
w_schedule,schedule,,スケジュール、予定,schedule.mp3,済
w_depending,depending,,depend（〜次第である、たよる）のing形,depending.mp3,済
w_prices,prices,,price（値段、価格）の複数形,prices.mp3,済
w_due,due,,締め切りの、予定の（due to で〜が原因で）,due.mp3,済
w_flight,flight,,フライト、飛行機の便,flight.mp3,済
w_delayed,delayed,,delay（遅らせる）の過去形、遅れた,delayed.mp3,済
w_storm,storm,,あらし、暴風雨,storm.mp3,済
w_fee,fee,,料金、手数料,fee.mp3,済
w_deal,deal,,取引、お買い得（Big deal で「大したこと」）,deal.mp3,済
w_patience,patience,,がまん、忍耐,patience.mp3,済
w_deserve,deserve,,〜にふさわしい、〜に値する,deserve.mp3,済
w_deserved,deserved,,deserve（〜にふさわしい）の過去形,deserved.mp3,済
w_stress,stress,,ストレス,stress.mp3,済
w_prize,prize,,賞、賞品,prize.mp3,済
w_telescope,telescope,,望遠鏡,telescope.mp3,済
w_kyoto,Kyoto,,京都,Kyoto.mp3,済
w_temples,temples,,temple（寺）の複数形,temples.mp3,済
w_located,located,,（〜に）位置している、ある,located.mp3,済
w_pandemic,pandemic,,パンデミック、世界的な流行,pandemic.mp3,済
w_crashed,crashed,,crash（衝突する、（機械が）動かなくなる）の過去形,crashed.mp3,済
w_making,making,,make（つくる）のing形,making.mp3,済
w_videos,videos,,video（ビデオ、動画）の複数形,videos.mp3,済
w_europe,Europe,,ヨーロッパ,Europe.mp3,済
w_depend,depend,,〜次第である、たよる,depend.mp3,済
w_iphone,iPhone,,アイフォン,iPhone.mp3,済
w_android,Android,,アンドロイド,Android.mp3,済
w_emails,emails,,email（メール）の複数形,emails.mp3,済
w_cheated,cheated,,cheat（ずるをする、だます）の過去形,cheated.mp3,済
w_caught,caught,,catch（つかまえる、捕る）の過去形,caught.mp3,済
w_deserves,deserves,,deserve（〜にふさわしい）の三単現,deserves.mp3,済
w_questions,questions,,question（質問）の複数形,questions.mp3,済
w_rules,rules,,rule（ルール、規則）の複数形,rules.mp3,済
w_chess,chess,,チェス,chess.mp3,済
w_phrases,phrases,,phrase（フレーズ、言い回し）の複数形,phrases.mp3,済
w_vending,vending,,自動販売の（vending machine で自動販売機）,vending.mp3,済
w_plate,plate,,皿,plate.mp3,済
w_toilet,toilet,,トイレ,toilet.mp3,済
w_awful,awful,,ひどい、最悪な,awful.mp3,済
w_dirty,dirty,,きたない、よごれた,dirty.mp3,済
w_mud,mud,,どろ、ぬかるみ,mud.mp3,済
w_climb,climb,,登る,climb.mp3,済
w_hill,hill,,丘,hill.mp3,済
w_workout,workout,,運動、トレーニング,workout.mp3,済
w_completely,completely,,完全に、すっかり,completely.mp3,済
w_deep,deep,,深い,deep.mp3,済
w_breath,breath,,息、呼吸,breath.mp3,済
w_download,download,,ダウンロードする,download.mp3,済
w_burn,burn,,燃える、焦げる、やけどする,burn.mp3,済
w_drawing,drawing,,draw（描く）のing形、絵,drawing.mp3,済
w_email,email,,メール,email.mp3,済
w_wide,wide,,広い,wide.mp3,済
w_dress,dress,,ドレス、ワンピース、服を着る,dress.mp3,済
w_warmly,warmly,,暖かく、温かく,warmly.mp3,済
w_address,address,,住所、アドレス,address.mp3,済
w_clearly,clearly,,はっきりと、明らかに,clearly.mp3,済
w_form,form,,用紙、形、形づくる,form.mp3,済
w_closely,closely,,注意深く、密接に,closely.mp3,済
w_essay,essay,,エッセイ、作文,essay.mp3,済
w_page,page,,ページ,page.mp3,済
w_boyfriend,boyfriend,,彼氏、ボーイフレンド,boyfriend.mp3,済
w_elementary,elementary,,初歩の（elementary school で小学校）,elementary.mp3,済
w_reunion,reunion,,同窓会、再会,reunion.mp3,済
w_windy,windy,,風の強い,windy.mp3,済
w_shortcut,shortcut,,近道、ショートカット,shortcut.mp3,済
w_lead,lead,,導く、案内する、先頭,lead.mp3,済
w_channels,channels,,channel（チャンネル）の複数形,channels.mp3,済
w_food_s,food's,,food（食べ物）の所有格、またはfood is の短縮形,food's.mp3,済
w_overnight,overnight,,一晩中、泊まりで,overnight.mp3,済
w_autumn,autumn,,秋,autumn.mp3,済
w_recommendations,recommendations,,recommendation（おすすめ、推薦）の複数形,recommendations.mp3,済
w_ninjas,ninjas,,ninja（忍者）の複数形,ninjas.mp3,済
w_weather_s,weather's,,weather（天気）の所有格、またはweather is の短縮形,weather's.mp3,済
w_moon,moon,,月,moon.mp3,済
w_bright,bright,,明るい、かがやいている,bright.mp3,済
w_rabbit,rabbit,,ウサギ,rabbit.mp3,済
w_cat_s,cat's,,cat（猫）の所有格、またはcat is の短縮形,cat's.mp3,済
w_tail,tail,,しっぽ,tail.mp3,済
w_thirsty,thirsty,,のどがかわいた,thirsty.mp3,済
w_hit,hit,,打つ、たたく、当たる,hit.mp3,済
w_uh,Uh,,えーと、あー（言いよどむときの声）,Uh.mp3,済
w_emotionally,emotionally,,感情的に、気持ちの面で,emotionally.mp3,済
w_chores,chores,,chore（家事、雑用）の複数形,chores.mp3,済
w_tire,tire,,疲れさせる、タイヤ,tire.mp3,済
w_lose,lose,,失う、負ける,lose.mp3,済
w_vegetables,vegetables,,vegetable（野菜）の複数形,vegetables.mp3,済
w_eggs,eggs,,egg（卵）の複数形,eggs.mp3,済
w_blocks,blocks,,block（ブロック、区画）の複数形,blocks.mp3,済
w_build,build,,建てる、作る,build.mp3,済
w_draw,draw,,描く,draw.mp3,済
w_vet,vet,,獣医,vet.mp3,済
w_cheese,cheese,,チーズ,cheese.mp3,済
w_sunset,sunset,,夕日、日の入り,sunset.mp3,済
w_percent,percent,,パーセント,percent.mp3,済
w_participating,participating,,participate（参加する）のing形,participating.mp3,済
w_awake,awake,,目が覚めて、起きて,awake.mp3,済
w_fridge,fridge,,冷蔵庫,fridge.mp3,済
w_empty,empty,,空っぽの,empty.mp3,済
w_grocery,grocery,,食料品（grocery store で食料品店）,grocery.mp3,済
w_uncle,uncle,,おじ、おじさん,uncle.mp3,済
w_sweetheart,sweetheart,,愛する人、あなた（呼びかけの言葉）,sweetheart.mp3,済
w_downtown,downtown,,繁華街、中心街へ,downtown.mp3,済
w_necklace,necklace,,ネックレス,necklace.mp3,済
w_realize,realize,,気づく、実感する,realize.mp3,済
w_crowd,crowd,,群衆、人ごみ,crowd.mp3,済
w_scored,scored,,score（得点する）の過去形,scored.mp3,済
w_stops,stops,,stop（止まる、やめる）の三単現,stops.mp3,済
w_chat,chat,,おしゃべりする、チャット,chat.mp3,済
w_chatted,chatted,,chat（おしゃべりする）の過去形,chatted.mp3,済
w_anime,anime,,アニメ,anime.mp3,済
w_unfortunately,unfortunately,,残念ながら、あいにく,unfortunately.mp3,済
w_bathtub,bathtub,,浴槽、バスタブ,bathtub.mp3,済
w_fries,fries,,フライドポテト、fry（揚げる）の三単現,fries.mp3,済
w_feelings,feelings,,feeling（気持ち、感情）の複数形,feelings.mp3,済
w_she_d,she'd,,she would または she had の短縮形,she'd.mp3,済
w_wanting,wanting,,want（欲している）のing形,wanting.mp3,済
w_scarf,scarf,,マフラー、スカーフ,scarf.mp3,済
w_hold,hold,,持つ、かかえる、（会などを）開く,hold.mp3,済
w_held,held,,hold（持つ、開く）の過去形,held.mp3,済
w_snake,snake,,ヘビ,snake.mp3,済
w_younger,younger,,young（若い）の比較級,younger.mp3,済
w_sibling,sibling,,きょうだい,sibling.mp3,済
w_annoying,annoying,,うっとうしい、いらいらさせる,annoying.mp3,済
w_superhero,superhero,,スーパーヒーロー,superhero.mp3,済
w_bottom,bottom,,底、一番下,bottom.mp3,済
w_happens,happens,,happen（起こる）の三単現,happens.mp3,済
w_sell,sell,,売る,sell.mp3,済
w_handmade,handmade,,手作りの,handmade.mp3,済
w_jewelry,jewelry,,アクセサリー、宝石類,jewelry.mp3,済
w_places,places,,place（場所）の複数形,places.mp3,済
w_stove,stove,,コンロ、ストーブ,stove.mp3,済
w_firework,firework,,花火,firework.mp3,済
w_presentation,presentation,,プレゼン、発表,presentation.mp3,済
w_winning,winning,,win（勝つ）のing形,winning.mp3,済
w_we_ve,we've,,we have の短縮形,we've.mp3,済
w_goodbye,goodbye,,さようなら,goodbye.mp3,済
w_unreal,unreal,,信じられない、現実とは思えない,unreal.mp3,済
w_ghosts,ghosts,,ghost（おばけ、幽霊）の複数形,ghosts.mp3,済
w_slice,slice,,一切れ、薄く切る,slice.mp3,済
w_earphones,earphones,,イヤホン,earphones.mp3,済
w_weeks,weeks,,week（週）の複数形,weeks.mp3,済
w_example,example,,例、見本,example.mp3,済
w_style,style,,スタイル、やり方、型,style.mp3,済
w_tool,tool,,道具、ツール,tool.mp3,済
w_jar,jar,,びん、つぼ,jar.mp3,済
w_opener,opener,,開ける道具（栓抜き、缶切りなど）,opener.mp3,済
w_characters,characters,,character（キャラクター、登場人物、文字）の複数形,characters.mp3,済
w_supposed,supposed,,（be supposed to で）〜することになっている,supposed.mp3,済
w_tests,tests,,test（テスト）の複数形,tests.mp3,済
w_quiz,quiz,,小テスト、クイズ,quiz.mp3,済
w_distracted,distracted,,気が散った、集中できない,distracted.mp3,済
w_blanket,blanket,,毛布,blanket.mp3,済
w_thin,thin,,うすい、細い,thin.mp3,済
w_slices,slices,,slice（一切れ）の複数形、slice（薄く切る）の三単現,slices.mp3,済
w_nearby,nearby,,近くの、近くに,nearby.mp3,済
w_ten_minute,ten-minute,,10分の,ten-minute.mp3,済
w_dumplings,dumplings,,dumpling（ぎょうざ、だんご）の複数形,dumplings.mp3,済
w_baking,baking,,bake（焼く）のing形,baking.mp3,済
w_blow,blow,,吹く、（息を）吹きかける,blow.mp3,済
w_candles,candles,,candle（ろうそく）の複数形,candles.mp3,済
w_jeans,jeans,,ジーンズ,jeans.mp3,済
w_fit,fit,,合う、ぴったりの,fit.mp3,済
w_comfortable,comfortable,,心地よい、快適な,comfortable.mp3,済
w_safe,safe,,安全な,safe.mp3,済
w_area_s,area's,,area（地域、エリア）の所有格、またはarea is の短縮形,area's.mp3,済
w_sunflowers,sunflowers,,sunflower（ひまわり）の複数形,sunflowers.mp3,済
w_unhappy,unhappy,,不幸な、悲しい,unhappy.mp3,済
w_seemed,seemed,,seem（〜のように見える）の過去形,seemed.mp3,済
w_gaming,gaming,,ゲームをすること、ゲーム用の,gaming.mp3,済
w_setup,setup,,セットアップ、機器の配置・構成,setup.mp3,済
w_flavor,flavor,,味、風味,flavor.mp3,済
w_problems,problems,,problem（問題）の複数形,problems.mp3,済
w_fabric,fabric,,布、生地,fabric.mp3,済
w_wrinkles,wrinkles,,wrinkle（しわ）の複数形,wrinkles.mp3,済
w_case,case,,ケース、場合、事件,case.mp3,済
w_hoping,hoping,,hope（望む）のing形,hoping.mp3,済
w_semester,semester,,学期,semester.mp3,済
w_planning,planning,,plan（計画する）のing形,planning.mp3,済
w_seems,seems,,seem（〜のように見える）の三単現,seems.mp3,済
w_friendly,friendly,,親しみやすい、フレンドリーな,friendly.mp3,済
w_staff,staff,,スタッフ、職員,staff.mp3,済
w_five_minute,five-minute,,5分の,five-minute.mp3,済
w_controller,controller,,コントローラー,controller.mp3,済
w_simple,simple,,シンプルな、簡単な,simple.mp3,済
w_aunt_s,aunt's,,aunt（おば）の所有格,aunt's.mp3,済
w_holidays,holidays,,holiday（休日、祝日）の複数形,holidays.mp3,済
w_finishing,finishing,,finish（終える、終わる）のing形,finishing.mp3,済
w_marathon,marathon,,マラソン,marathon.mp3,済
w_side,side,,側、横,side.mp3,済
w_scratch,scratch,,ひっかく、（from scratch で）一から,scratch.mp3,済
w_animator,animator,,アニメーター,animator.mp3,済
w_robots,robots,,robot（ロボット）の複数形,robots.mp3,済
w_slower,slower,,slow（遅い、ゆっくりな）の比較級,slower.mp3,済
w_rested,rested,,rest（休む）の過去形,rested.mp3,済
w_climbing,climbing,,climb（登る）のing形,climbing.mp3,済
w_trail,trail,,（山などの）道、トレイル,trail.mp3,済
w_opinion,opinion,,意見,opinion.mp3,済
w_baby_s,baby's,,baby（赤ちゃん）の所有格、またはbaby is の短縮形,baby's.mp3,済
w_heartbeat,heartbeat,,心臓の鼓動、心拍,heartbeat.mp3,済
w_diamond,diamond,,ダイヤモンド,diamond.mp3,済
w_fake,fake,,にせの、偽物,fake.mp3,済
w_stick,stick,,棒、くっつく,stick.mp3,済
w_campfire,campfire,,キャンプファイヤー,campfire.mp3,済
w_gum,gum,,ガム,gum.mp3,済
w_inspired,inspired,,inspire（刺激する、やる気にさせる）の過去形、感化されて,inspired.mp3,済
w_fourth,fourth,,4番目の、4日,fourth.mp3,済
w_recently,recently,,最近,recently.mp3,済
w_gotten,gotten,,get（手に入れる、〜の状態になる）の過去分詞,gotten.mp3,済
w_stickers,stickers,,sticker（シール、ステッカー）の複数形,stickers.mp3,済
w_fukuoka,Fukuoka,,福岡,Fukuoka.mp3,済
w_emoticons,emoticons,,emoticon（顔文字）の複数形,emoticons.mp3,済
w_emoticon,emoticon,,顔文字,emoticon.mp3,済
w_perfectly,perfectly,,完璧に、申し分なく,perfectly.mp3,済
w_matches,matches,,match（試合、マッチ）の複数形、match（合う）の三単現,matches.mp3,済
w_tapping,tapping,,tap（軽くたたく）のing形,tapping.mp3,済
w_distracting,distracting,,気を散らせる、集中をじゃまする,distracting.mp3,済
w_notice,notice,,気づく、お知らせ,notice.mp3,済
w_biting,biting,,bite（かむ）のing形,biting.mp3,済
w_nails,nails,,nail（つめ、くぎ）の複数形,nails.mp3,済
w_outgoing,outgoing,,社交的な、外向的な,outgoing.mp3,済
w_spanish,Spanish,,スペインの、スペイン語,Spanish.mp3,済
w_luck,luck,,運,luck.mp3,済
w_familiar,familiar,,よく知っている、なじみのある,familiar.mp3,済
w_absolutely,Absolutely,,絶対に、その通り,Absolutely.mp3,済
w_feed,feed,,えさをやる、食べさせる,feed.mp3,済
w_fed,fed,,feed（えさをやる）の過去形,fed.mp3,済
w_quickly,quickly,,速く、すばやく,quickly.mp3,済
w_asking,asking,,ask（訪ねる、お願いする）のing形,asking.mp3,済
w_taste,taste,,味、味がする、味わう,taste.mp3,済
w_trick,trick,,いたずら、こつ、手品,trick.mp3,済
w_amusement,amusement,,楽しみ（amusement park で遊園地）,amusement.mp3,済
w_remote,remote,,リモコン、遠く離れた,remote.mp3,済
w_others,others,,other（他の）の複数形、ほかの人・物,others.mp3,済
w_bakery,bakery,,パン屋,bakery.mp3,済
w_model,model,,モデル、模型,model.mp3,済
w_kit,kit,,キット、道具一式,kit.mp3,済
w_worries,worries,,worry（心配する）の三単現、worry（心配ごと）の複数形,worries.mp3,済
w_die,die,,死ぬ,die.mp3,済
w_chain,chain,,チェーン、くさり,chain.mp3,済
w_tools,tools,,tool（道具、ツール）の複数形,tools.mp3,済
w_bug,bug,,虫、（プログラムの）バグ,bug.mp3,済
w_code,code,,コード、暗号,code.mp3,済
w_shirts,shirts,,shirt（シャツ）の複数形,shirts.mp3,済
w_chose,chose,,choose（選ぶ）の過去形,chose.mp3,済
w_someone_s,Someone's,,Someone is の短縮形、またはsomeone（誰か）の所有格,Someone's.mp3,済
w_knock,knock,,ノックする、たたく,knock.mp3,済
w_decided,decided,,decide（決める）の過去形,decided.mp3,済
w_bee,bee,,ハチ,bee.mp3,済
w_sakura,Sakura,,サクラ（名前）,Sakura.mp3,済
w_heading,heading,,head（向かう）のing形,heading.mp3,済
w_anyway,anyway,,とにかく、どっちみち,anyway.mp3,済
w_riding,riding,,ride（乗る）のing形,riding.mp3,済
w_along,along,,〜に沿って、一緒に,along.mp3,済
w_ashamed,ashamed,,恥ずかしい、恥じている,ashamed.mp3,済
w_acted,acted,,act（行動する、演じる）の過去形,acted.mp3,済
w_forgetting,forgetting,,forget（忘れる）のing形,forgetting.mp3,済
w_lines,lines,,line（線、列、セリフ）の複数形,lines.mp3,済
w_group,group,,グループ、集団,group.mp3,済
w_path,path,,小道、進む道,path.mp3,済
w_leads,leads,,lead（導く、案内する）の三単現,leads.mp3,済
w_waste,waste,,むだにする、むだ,waste.mp3,済
w_wasted,wasted,,waste（むだにする）の過去形,wasted.mp3,済
w_scrolling,scrolling,,scroll（スクロールする）のing形,scrolling.mp3,済
w_enemy,enemy,,敵,enemy.mp3,済
w_dragon,dragon,,ドラゴン、竜,dragon.mp3,済
w_enemies,enemies,,enemy（敵）の複数形,enemies.mp3,済
w_business,business,,仕事、商売、ビジネス,business.mp3,済
w_none,none,,一つも〜ない、誰も〜ない,none.mp3,済
w_degrees,degrees,,degree（度、程度）の複数形,degrees.mp3,済
w_fahrenheit,Fahrenheit,,華氏（温度の単位）,Fahrenheit.mp3,済
w_sweating,sweating,,sweat（汗をかく）のing形,sweating.mp3,済
w_freezes,freezes,,freeze（凍る）の三単現,freezes.mp3,済
w_thirty_two,thirty-two,,32,thirty-two.mp3,済
w_fact,fact,,事実,fact.mp3,済
w_temperature,temperature,,気温、温度,temperature.mp3,済
w_scales,scales,,scale（目盛り、規模、はかり）の複数形,scales.mp3,済
w_novels,novels,,novel（小説）の複数形,novels.mp3,済
w_difference,difference,,ちがい、差,difference.mp3,済
w_one_s,One's,,One is の短縮形、または one（1、ひとつ）の所有格,One's.mp3,済
w_formal,formal,,formal（正式な、あらたまった）,formal.mp3,済
w_based,based,,base（基づかせる）の過去形（Based on で〜に基づいて）,based.mp3,済
w_experiment,experiment,,実験,experiment.mp3,済
w_clear,clear,,はっきりした、澄んだ、片づける,clear.mp3,済
w_results,results,,result（結果）の複数形,results.mp3,済
w_amount,amount,,量、金額,amount.mp3,済
w_current_s,current's,,current（流れ、電流）の所有格、またはcurrent is の短縮形,current's.mp3,済
w_strong,strong,,強い,strong.mp3,済
w_congratulations,congratulations,,おめでとう,congratulations.mp3,済
w_card,card,,カード,card.mp3,済
w_nightmare,nightmare,,悪夢,nightmare.mp3,済
w_failing,failing,,fail（失敗する、落ちる）のing形,failing.mp3,済
w_stressful,stressful,,ストレスの多い,stressful.mp3,済
w_ad,ad,,広告、コマーシャル,ad.mp3,済
w_advertising,advertising,,広告、宣伝,advertising.mp3,済
w_affects,affects,,affect（影響する）の三単現,affects.mp3,済
w_carefully,carefully,,注意深く、慎重に,carefully.mp3,済
w_regulated,regulated,,regulate（規制する）の過去形、規制された,regulated.mp3,済
w_kindness,kindness,,優しさ、親切,kindness.mp3,済
w_thick,thick,,厚い、太い,thick.mp3,済
w_it_ll,it'll,,it will の短縮形,it'll.mp3,済
w_gardening,gardening,,ガーデニング、庭いじり,gardening.mp3,済
w_surprising,surprising,,驚くべき、意外な,surprising.mp3,済
w_certainly,certainly,,もちろん、確かに,certainly.mp3,済
w_tight,tight,,きつい、ぴったりした,tight.mp3,済
w_size,size,,サイズ、大きさ,size.mp3,済
w_knot,knot,,結び目,knot.mp3,済
w_fair,fair,,公平な、フェアな,fair.mp3,済
w_unfair,unfair,,不公平な、ずるい,unfair.mp3,済
w_emotional,emotional,,感情的な、感動的な,emotional.mp3,済
w_cried,cried,,cry（泣く）の過去形,cried.mp3,済
w_graduation,Graduation,,卒業、卒業式,Graduation.mp3,済
w_contact,contact,,連絡する、接触（contact lens でコンタクトレンズ）,contact.mp3,済
w_lenses,lenses,,lens（レンズ）の複数形,lenses.mp3,済
w_mostly,mostly,,たいてい、ほとんど,mostly.mp3,済
w_roommate,roommate,,ルームメイト,roommate.mp3,済
w_sudden,sudden,,突然の（all of a sudden で突然）,sudden.mp3,済
w_guard,guard,,守る、警備員,guard.mp3,済
w_discovered,discovered,,discover（発見する）の過去形,discovered.mp3,済
w_hidden,hidden,,hide（かくす、かくれる）の過去分詞、かくれた,hidden.mp3,済
w_explore,explore,,探検する、調べる,explore.mp3,済
w_result,result,,結果,result.mp3,済
w_research,research,,研究、調査,research.mp3,済
w_further,further,,さらに、もっと先へ,further.mp3,済
w_funding,funding,,資金、資金調達,funding.mp3,済
w_donate,donate,,寄付する,donate.mp3,済
w_raised,raised,,raise（上げる、集める、育てる）の過去形,raised.mp3,済
w_uniforms,uniforms,,uniform（制服、ユニフォーム）の複数形,uniforms.mp3,済
w_difficulty,difficulty,,難しさ、困難,difficulty.mp3,済
w_understanding,understanding,,understand（理解する）のing形、理解,understanding.mp3,済
w_adjusting,adjusting,,adjust（調整する、慣れる）のing形,adjusting.mp3,済
w_failed,failed,,fail（失敗する、落ちる）の過去形,failed.mp3,済
w_background,background,,背景、経歴,background.mp3,済
w_event,event,,出来事、イベント,event.mp3,済
w_influenced,influenced,,influence（影響を与える）の過去形,influenced.mp3,済
w_hide,hide,,かくれる、かくす,hide.mp3,済
w_frame,frame,,フレーム、額縁、枠,frame.mp3,済
w_apply,apply,,応募する、申し込む、適用する,apply.mp3,済
w_council,council,,議会、評議会,council.mp3,済
w_rule,rule,,ルール、規則,rule.mp3,済
w_equally,equally,,等しく、平等に,equally.mp3,済
w_afford,afford,,（金銭的・時間的に）〜する余裕がある,afford.mp3,済
w_ignore,ignore,,無視する,ignore.mp3,済
w_advise,advise,,助言する、アドバイスする,advise.mp3,済
w_suggest,suggest,,提案する,suggest.mp3,済
w_advised,advised,,advise（助言する）の過去形,advised.mp3,済
w_debate,debate,,討論、ディベート,debate.mp3,済
w_embarrass,embarrass,,恥ずかしい思いをさせる,embarrass.mp3,済
w_embarrassed,embarrassed,,恥ずかしい、きまり悪い,embarrassed.mp3,済
w_tripped,tripped,,trip（つまずく）の過去形,tripped.mp3,済
w_share,share,,分ける、共有する,share.mp3,済
w_achievement,achievement,,達成、成果,achievement.mp3,済
w_drag,drag,,引きずる、ドラッグする,drag.mp3,済
w_feet,feet,,foot（足）の複数形,feet.mp3,済
w_bravely,bravely,,勇敢に,bravely.mp3,済
w_admired,admired,,admire（尊敬する、感心する）の過去形,admired.mp3,済
w_embarrassing,embarrassing,,恥ずかしい、きまりが悪い,embarrassing.mp3,済
w_pretend,pretend,,ふりをする,pretend.mp3,済
w_spies,spies,,spy（スパイ）の複数形、spy（こっそり見張る）の三単現,spies.mp3,済
w_pretended,pretended,,pretend（ふりをする）の過去形,pretended.mp3,済
w_divide,divide,,分ける、割る,divide.mp3,済
w_parts,parts,,part（部分、パーツ）の複数形,parts.mp3,済
w_divided,divided,,divide（分ける、割る）の過去形,divided.mp3,済
w_groups,groups,,group（グループ、集団）の複数形,groups.mp3,済
w_return,return,,帰る、返す,return.mp3,済
w_returned,returned,,return（帰る、返す）の過去形,returned.mp3,済
w_cheer,cheer,,応援する、元気づける,cheer.mp3,済
w_cases,cases,,case（ケース、場合、事件）の複数形,cases.mp3,済
w_failure,failure,,失敗,failure.mp3,済
w_mature,mature,,大人っぽい、成熟した,mature.mp3,済
w_fear,Fear,,恐れ、こわがる,Fear.mp3,済
w_tips,tips,,tip（こつ、助言、チップ）の複数形,tips.mp3,済
w_review,review,,レビュー、復習、見直す,review.mp3,済
w_tip,tip,,こつ、助言、チップ,tip.mp3,済
w_lonely,lonely,,さびしい、孤独な,lonely.mp3,済
w_herself,herself,,彼女自身,herself.mp3,済
w_texted,texted,,text（メッセージを送る）の過去形,texted.mp3,済
w_hasn_t,hasn't,,has not の短縮形（〜を持っていない、〜していない）,hasn't.mp3,済
w_replied,replied,,reply（返事する）の過去形,replied.mp3,済
w_fry,fry,,揚げる、いためる,fry.mp3,済
w_fried,fried,,fry（揚げる）の過去形、揚げた,fried.mp3,済
w_chicken,chicken,,とり肉、ニワトリ,chicken.mp3,済
w_freedom,freedom,,自由,freedom.mp3,済
w_projects,projects,,project（プロジェクト、課題）の複数形,projects.mp3,済
w_part,part,,部分、パーツ,part.mp3,済
w_messes,messes,,mess（散らかり、めちゃくちゃ）の複数形,messes.mp3,済
w_cafeteria,cafeteria,,カフェテリア、食堂,cafeteria.mp3,済
w_broad,broad,,幅広い、広い,broad.mp3,済
w_general,general,,全体的な、一般的な,general.mp3,済
w_options,options,,option（選択肢）の複数形,options.mp3,済
w_covers,covers,,cover（おおう、カバーする）の三単現,covers.mp3,済
w_range,range,,範囲、幅,range.mp3,済
w_topics,topics,,topic（話題、トピック）の複数形,topics.mp3,済
w_stretch,stretch,,ストレッチする、のばす,stretch.mp3,済
w_sore,sore,,痛い、ひりひりする,sore.mp3,済
w_stretched,stretched,,stretch（のばす）の過去形,stretched.mp3,済
w_necessary,necessary,,必要な,necessary.mp3,済
w_section,section,,部分、セクション,section.mp3,済
w_unfamiliar,unfamiliar,,なじみのない、見慣れない,unfamiliar.mp3,済
w_thunderstorm,thunderstorm,,雷雨,thunderstorm.mp3,済
w_polite,polite,,ていねいな、礼儀正しい,polite.mp3,済
w_greeting,greeting,,あいさつ,greeting.mp3,済
w_ohayou,ohayou,,おはよう（日本語のローマ字表記）,ohayou.mp3,済
w_gozaimasu,gozaimasu,,ございます（日本語のローマ字表記）,gozaimasu.mp3,済
w_teacher_s,teacher's,,teacher（先生）の所有格、またはteacher is の短縮形,teacher's.mp3,済
w_electric,electric,,電気の,electric.mp3,済
w_charge,charge,,充電する、料金を請求する,charge.mp3,済
w_fan,fan,,ファン、扇風機、うちわ,fan.mp3,済
w_relationship,relationship,,関係、間がら,relationship.mp3,済
w_older,older,,old（古い、年をとった）の比較級,older.mp3,済
w_confuse,confuse,,混乱させる、こんがらがらせる,confuse.mp3,済
w_crime,crime,,犯罪,crime.mp3,済
w_prevention,prevention,,防止、予防,prevention.mp3,済
w_social,social,,社会の、社交的な,social.mp3,済
w_thoughtful,thoughtful,,思いやりのある、考え深い,thoughtful.mp3,済
w_suggestion,suggestion,,提案,suggestion.mp3,済
w_solving,solving,,solve（解く、解決する）のing形,solving.mp3,済
w_crimes,crimes,,crime（犯罪）の複数形,crimes.mp3,済
w_random,random,,ランダムな、でたらめな,random.mp3,済
w_suddenly,suddenly,,突然、いきなり,suddenly.mp3,済
w_checkout,checkout,,レジ、会計,checkout.mp3,済
w_counter,counter,,カウンター、調理台,counter.mp3,済
w_aware,aware,,気づいている、意識している,aware.mp3,済
w_plastic,plastic,,プラスチック（の）,plastic.mp3,済
w_deadline,deadline,,締め切り,deadline.mp3,済
w_audience,audience,,観客、聴衆,audience.mp3,済
w_normal,normal,,普通の、正常な,normal.mp3,済
w_clapped,clapped,,clap（拍手する）の過去形,clapped.mp3,済
w_lab,lab,,実験室、研究室,lab.mp3,済
w_gagged,gagged,,gag（えずく、吐き気をもよおす）の過去形,gagged.mp3,済
w_pray,pray,,いのる,pray.mp3,済
w_prayed,prayed,,pray（いのる）の過去形,prayed.mp3,済
w_strawberry,strawberry,,いちご,strawberry.mp3,済
w_jam,jam,,ジャム、混雑,jam.mp3,済
w_apart,apart,,ばらばらに、離れて,apart.mp3,済
w_radio,radio,,ラジオ,radio.mp3,済
w_robot,robot,,ロボット,robot.mp3,済
w_calculate,calculate,,計算する,calculate.mp3,済
w_percentage,percentage,,割合、パーセンテージ,percentage.mp3,済
w_numbers,numbers,,number（数字、番号）の複数形,numbers.mp3,済
w_calculated,calculated,,calculate（計算する）の過去形,calculated.mp3,済
w_discussing,discussing,,discuss（話し合う、議論する）のing形,discussing.mp3,済
w_memorizing,memorizing,,memorize（暗記する）のing形,memorizing.mp3,済
w_facts,facts,,fact（事実）の複数形,facts.mp3,済
w_brought,brought,,bring（持ってくる）の過去形,brought.mp3,済
w_emotion,emotion,,感情,emotion.mp3,済
w_exact,exact,,正確な、ちょうどの,exact.mp3,済
w_checked,checked,,check（確認する）の過去形,checked.mp3,済
w_gain,gain,,得る、増やす,gain.mp3,済
w_knowledge,knowledge,,知識,knowledge.mp3,済
w_space,space,,宇宙、空間、すき間,space.mp3,済
w_accessories,accessories,,accessory（アクセサリー、付属品）の複数形,accessories.mp3,済
w_accessory,accessory,,アクセサリー、付属品,accessory.mp3,済
w_express,express,,表現する、急行,express.mp3,済
w_opinions,opinions,,opinion（意見）の複数形,opinions.mp3,済
w_respectful,respectful,,礼儀正しい、敬意のこもった,respectful.mp3,済
w_thread,thread,,糸、（掲示板などの）スレッド,thread.mp3,済
w_needle,needle,,針,needle.mp3,済
w_pricked,pricked,,prick（ちくっと刺す）の過去形,pricked.mp3,済
w_finger,finger,,指,finger.mp3,済
w_butter,butter,,バター,butter.mp3,済
w_evenly,evenly,,均等に、平らに,evenly.mp3,済
w_pulled,pulled,,pull（引く）の過去形,pulled.mp3,済
w_muscle,muscle,,筋肉,muscle.mp3,済
w_builds,builds,,build（建てる、作る）の三単現,builds.mp3,済
w_habit,habit,,習慣、くせ,habit.mp3,済
w_choice,choice,,選択、選ぶこと,choice.mp3,済
w_menu,menu,,メニュー,menu.mp3,済
w_variety,variety,,いろいろ、多様さ,variety.mp3,済
w_tough,tough,,きつい、大変な、たくましい,tough.mp3,済
w_events,events,,event（出来事、イベント）の複数形,events.mp3,済
w_reusable,reusable,,再利用できる、くり返し使える,reusable.mp3,済
w_leaned,leaned,,lean（もたれる、かたむく）の過去形,leaned.mp3,済
w_naturally,naturally,,自然に、当然,naturally.mp3,済
w_discussions,discussions,,discussion（議論、話し合い）の複数形,discussions.mp3,済
w_confident,confident,,自信のある,confident.mp3,済
w_terrific,terrific,,すばらしい、最高の,terrific.mp3,済
w_school_s,school's,,school（学校）の所有格、またはschool is の短縮形,school's.mp3,済
w_grading,grading,,採点、成績づけ,grading.mp3,済
w_system,system,,システム、仕組み,system.mp3,済
w_fairer,fairer,,fair（公平な）の比較級,fairer.mp3,済
w_filing,filing,,file（ファイルする、整理する）のing形,filing.mp3,済
w_organize,organize,,整理する、まとめる、準備する,organize.mp3,済
w_sunrise,sunrise,,日の出,sunrise.mp3,済
w_force,force,,無理やりさせる、力,force.mp3,済
w_forcing,forcing,,force（無理やりさせる）のing形,forcing.mp3,済
w_knocked,knocked,,knock（ノックする、たたく）の過去形,knocked.mp3,済
w_balance,balance,,バランス、つり合い,balance.mp3,済
w_wave,wave,,波、手をふる,wave.mp3,済
w_deleted,deleted,,delete（削除する）の過去形,deleted.mp3,済
w_file,file,,ファイル、ファイルする,file.mp3,済
w_redo,redo,,やり直す,redo.mp3,済
w_learned,learned,,learn（学ぶ、覚える）の過去形,learned.mp3,済
w_neighborhood,neighborhood,,近所、地域,neighborhood.mp3,済
w_liked,liked,,like（好き）の過去形,liked.mp3,済
w_renewable,renewable,,再生可能な,renewable.mp3,済
w_material,material,,材料、素材,material.mp3,済
w_cotton,cotton,,綿、コットン,cotton.mp3,済
w_recycled,recycled,,recycle（リサイクルする）の過去形、再生した,recycled.mp3,済
w_argue,argue,,言い争う、主張する,argue.mp3,済
w_turns,turns,,turn（順番、曲がる、回す）の三単現・複数形,turns.mp3,済
w_argued,argued,,argue（言い争う）の過去形,argued.mp3,済
w_cookie,cookie,,クッキー,cookie.mp3,済
w_tie,tie,,結ぶ、ネクタイ、引き分け,tie.mp3,済
w_ended,ended,,end（終わる）の過去形,ended.mp3,済
w_unsatisfying,unsatisfying,,満足できない、物足りない,unsatisfying.mp3,済
w_announcement,announcement,,お知らせ、発表,announcement.mp3,済
w_upcoming,upcoming,,もうすぐの、今度の,upcoming.mp3,済
w_unusual,unusual,,めずらしい、いつもと違う,unusual.mp3,済
w_april,April,,4月,April.mp3,済
w_announce,announce,,発表する、知らせる,announce.mp3,済
w_theme,theme,,テーマ、主題,theme.mp3,済
w_announced,announced,,announce（発表する）の過去形,announced.mp3,済
w_postponed,postponed,,postpone（延期する）の過去形,postponed.mp3,済
w_housework,housework,,家事,housework.mp3,済
w_traditions,traditions,,tradition（伝統）の複数形,traditions.mp3,済
w_connect,connect,,つなぐ、接続する,connect.mp3,済
w_tradition,tradition,,伝統,tradition.mp3,済
w_mochi,mochi,,もち（日本語のローマ字表記）,mochi.mp3,済
w_figuring,figuring,,figure（考える、理解する）のing形,figuring.mp3,済
w_topic,topic,,話題、トピック,topic.mp3,済
w_bride,bride,,花嫁,bride.mp3,済
w_wedding,wedding,,結婚式,wedding.mp3,済
w_stunning,stunning,,とても美しい、見事な,stunning.mp3,済
w_talented,talented,,才能のある,talented.mp3,済
w_goosebumps,goosebumps,,鳥肌,goosebumps.mp3,済
w_performs,performs,,perform（演じる、演奏する）の三単現,performs.mp3,済
w_lawyer,lawyer,,弁護士,lawyer.mp3,済
w_dedication,dedication,,熱心さ、献身,dedication.mp3,済
w_businesses,businesses,,business（仕事、商売、会社）の複数形,businesses.mp3,済
w_forecast,forecast,,予報、予測,forecast.mp3,済
w_final,final,,最後の、決勝,final.mp3,済
w_strict,strict,,厳しい,strict.mp3,済
w_single_use,single-use,,使い捨ての,single-use.mp3,済
w_agreed,Agreed,,agree（同意する）の過去形（Agreed で「賛成」）,Agreed.mp3,済
w_bottles,bottles,,bottle（びん、ボトル）の複数形,bottles.mp3,済
w_notes,notes,,note（メモ、注意）の複数形,notes.mp3,済
w_note,note,,メモ、注意する,note.mp3,済
w_couple,couple,,カップル、2つ、2人,couple.mp3,済
w_detail,detail,,細かい点、詳細,detail.mp3,済
w_heads,heads,,head（頭）の複数形、head（向かう）の三単現,heads.mp3,済
w_exactly,exactly,,ちょうど、まさに、正確に,exactly.mp3,済
w_minds,minds,,mind（心、気持ち）の複数形、mind（気にする）の三単現,minds.mp3,済
w_alike,alike,,似ている、同じように,alike.mp3,済
w_main,main,,主な、メインの,main.mp3,済
w_joined,joined,,join（参加する、加わる）の過去形,joined.mp3,済
w_skilled,skilled,,熟練した、うまい,skilled.mp3,済
w_entertainment,entertainment,,娯楽、エンターテインメント,entertainment.mp3,済
w_source,source,,源、出どころ,source.mp3,済
w_behavior,behavior,,ふるまい、行動,behavior.mp3,済
w_improved,improved,,improve（上達する、改善する）の過去形,improved.mp3,済
w_noticed,noticed,,notice（気づく）の過去形,noticed.mp3,済
w_recess,recess,,休み時間,recess.mp3,済
w_remembered,remembered,,remember（覚えている、思い出す）の過去形,remembered.mp3,済
w_package,package,,荷物、パッケージ,package.mp3,済
w_delivery,delivery,,配達,delivery.mp3,済
w_scream,scream,,さけぶ、悲鳴をあげる,scream.mp3,済
w_screamed,screamed,,scream（さけぶ）の過去形,screamed.mp3,済
w_spider,spider,,クモ,spider.mp3,済
w_spending,spending,,spend（（お金や時間を）使う）のing形,spending.mp3,済
w_nature,nature,,自然,nature.mp3,済
w_hiking,hiking,,ハイキング,hiking.mp3,済
w_fresh,fresh,,新鮮な、さわやかな,fresh.mp3,済
w_happening,happening,,happen（起こる）のing形,happening.mp3,済
w_detective,detective,,探偵、刑事,detective.mp3,済
w_mansion,mansion,,大邸宅、屋敷,mansion.mp3,済
w_figured,figured,,figure（考える、理解する）の過去形,figured.mp3,済
w_culprit,culprit,,犯人、張本人,culprit.mp3,済
w_chapter,chapter,,章,chapter.mp3,済
w_national,national,,国の、全国の,national.mp3,済
w_award,award,,賞,award.mp3,済
w_microwave,microwave,,電子レンジ,microwave.mp3,済
w_dye,dye,,染める、染料,dye.mp3,済
w_dyed,dyed,,dye（染める）の過去形,dyed.mp3,済
w_relief,relief,,安心、ほっとすること,relief.mp3,済
w_account,account,,アカウント、口座,account.mp3,済
w_created,created,,create（作る、生み出す）の過去形,created.mp3,済
w_media,media,,メディア、媒体,media.mp3,済
w_drawings,drawings,,drawing（絵、スケッチ）の複数形,drawings.mp3,済
w_ugly,ugly,,みにくい、ぶかっこうな,ugly.mp3,済
w_bruise,bruise,,あざ、打ち身,bruise.mp3,済
w_knee,knee,,ひざ,knee.mp3,済
w_miles,miles,,mile（マイル）の複数形,miles.mp3,済
w_pe,PE,,体育（physical educationの略）,PE.mp3,済
w_smelly,smelly,,くさい、においがする,smelly.mp3,済
w_valuable,valuable,,貴重な、価値のある,valuable.mp3,済
w_culture,culture,,文化,culture.mp3,済
w_admit,admit,,認める,admit.mp3,済
w_parking,parking,,駐車、駐車場,parking.mp3,済
w_stadium,stadium,,スタジアム、競技場,stadium.mp3,済
w_danger,danger,,危険,danger.mp3,済
w_current,current,,流れ、電流、現在の,current.mp3,済
w_warned,warned,,warn（警告する、注意する）の過去形,warned.mp3,済
w_similar,similar,,似ている、同じような,similar.mp3,済
w_bomb_like,bomb-like,,爆弾のような,bomb-like.mp3,済
w_blast,blast,,爆発、突風,blast.mp3,済
w_effects,effects,,effect（効果、影響）の複数形,effects.mp3,済
w_bombs,bombs,,bomb（爆弾）の複数形,bombs.mp3,済
w_war,war,,戦争,war.mp3,済
w_effort,effort,,努力,effort.mp3,済
w_shows,shows,,show（見せる）の三単現、show（番組、ショー）の複数形,shows.mp3,済
w_thunder,thunder,,かみなり,thunder.mp3,済
w_heaven,heaven,,天国,heaven.mp3,済
w_character,character,,キャラクター、登場人物、性格、文字,character.mp3,済
w_imagined,imagined,,imagine（想像する）の過去形,imagined.mp3,済
w_sharp,sharp,,するどい、とがった,sharp.mp3,済
w_pain,pain,,痛み,pain.mp3,済
w_ankle,ankle,,足首,ankle.mp3,済
w_losing,losing,,lose（失う、負ける）のing形,losing.mp3,済
w_pet,pet,,ペット,pet.mp3,済
w_leftover,leftover,,残り物、食べ残し,leftover.mp3,済
w_product,product,,製品、商品,product.mp3,済
w_shampoo,shampoo,,シャンプー,shampoo.mp3,済
w_focuses,focuses,,focus（集中する）の三単現,focuses.mp3,済
w_character_s,character's,,character（キャラクター、登場人物）の所有格,character's.mp3,済
w_growth,growth,,成長,growth.mp3,済
w_scratched,scratched,,scratch（ひっかく）の過去形,scratched.mp3,済
w_ouch,Ouch,,いたっ！（痛いときの声）,Ouch.mp3,済
w_disagree,disagree,,意見が合わない、反対する,disagree.mp3,済
w_smoother,smoother,,smooth（なめらかな、順調な）の比較級,smoother.mp3,済
w_achieve,achieve,,達成する、成しとげる,achieve.mp3,済
w_personal,personal,,個人的な,personal.mp3,済
w_training,training,,トレーニング、訓練,training.mp3,済
w_achieved,achieved,,achieve（達成する）の過去形,achieved.mp3,済
w_recycle,recycle,,リサイクルする、再利用する,recycle.mp3,済
w_cans,cans,,can（かん）の複数形,cans.mp3,済
w_received,received,,receive（受け取る）の過去形,received.mp3,済
w_divorced,divorced,,divorce（離婚する）の過去形、離婚した,divorced.mp3,済
w_young,young,,若い,young.mp3,済
w_secondhand,secondhand,,中古の,secondhand.mp3,済
w_buying,Buying,,buy（買う）のing形,Buying.mp3,済
w_addicted,addicted,,中毒になった、はまった,addicted.mp3,済
w_checking,checking,,check（確認する）のing形,checking.mp3,済
w_area,area,,地域、エリア、面積,area.mp3,済
w_covered,covered,,cover（おおう、カバーする）の過去形,covered.mp3,済
w_communicate,communicate,,コミュニケーションをとる、伝え合う,communicate.mp3,済
w_misunderstandings,misunderstandings,,misunderstanding（誤解）の複数形,misunderstandings.mp3,済
w_messages,messages,,message（メッセージ）の複数形,messages.mp3,済
w_basement,basement,,地下室,basement.mp3,済
w_continuing,continuing,,continue（続ける、続く）のing形,continuing.mp3,済
w_suggested,suggested,,suggest（提案する）の過去形,suggested.mp3,済
w_approach,approach,,近づく、取り組み方,approach.mp3,済
w_serious,serious,,真剣な、深刻な,serious.mp3,済
w_sounded,sounded,,sound（〜に聞こえる）の過去形,sounded.mp3,済
w_trips,trips,,trip（旅行）の複数形,trips.mp3,済
w_fascinated,fascinated,,夢中になった、うっとりした,fascinated.mp3,済
w_outer,outer,,外の、外側の（outer space で宇宙空間）,outer.mp3,済
w_documentaries,documentaries,,documentary（ドキュメンタリー）の複数形,documentaries.mp3,済
w_planets,planets,,planet（惑星）の複数形,planets.mp3,済
w_scientists,scientists,,scientist（科学者）の複数形,scientists.mp3,済
w_discovering,discovering,,discover（発見する）のing形,discovering.mp3,済
w_drowned,drowned,,drown（おぼれる、おぼれ死ぬ）の過去形,drowned.mp3,済
w_lifeguard,lifeguard,,（プールなどの）監視員、ライフガード,lifeguard.mp3,済
w_drowning,drowning,,drown（おぼれる）のing形,drowning.mp3,済
w_attract,attract,,引きつける、魅了する,attract.mp3,済
w_people_s,people's,,people（人々）の所有格,people's.mp3,済
w_booth,booth,,ブース、屋台,booth.mp3,済
w_visitors,visitors,,visitor（訪問者、来客）の複数形,visitors.mp3,済
w_decorations,decorations,,decoration（かざり）の複数形,decorations.mp3,済
w_attracts,attracts,,attract（引きつける）の三単現,attracts.mp3,済
w_bees,bees,,bee（ハチ）の複数形,bees.mp3,済
w_continue,continue,,続ける、続く,continue.mp3,済
w_discussion,discussion,,議論、話し合い,discussion.mp3,済
w_continued,continued,,continue（続ける、続く）の過去形,continued.mp3,済
w_recital,recital,,発表会、リサイタル,recital.mp3,済
w_literally,literally,,文字通り、本当に,literally.mp3,済
w_tears,tears,,tear（涙）の複数形,tears.mp3,済
w_grabbed,grabbed,,grab（つかむ）の過去形,grabbed.mp3,済
w_streaming,streaming,,ストリーミング（で配信・視聴すること）,streaming.mp3,済
w_drama,drama,,ドラマ、演劇,drama.mp3,済
w_everyone_s,everyone's,,everyone（みんな）の所有格、またはeveryone is の短縮形,everyone's.mp3,済
w_advantage,advantage,,有利な点、利点,advantage.mp3,済
w_sneeze,sneeze,,くしゃみをする,sneeze.mp3,済
w_row,row,,列、横の並び,row.mp3,済
w_allergic,allergic,,アレルギーの,allergic.mp3,済
w_sneezed,sneezed,,sneeze（くしゃみをする）の過去形,sneezed.mp3,済
w_pronounce,pronounce,,発音する,pronounce.mp3,済
w_correctly,correctly,,正しく,correctly.mp3,済
w_syllable,syllable,,音節、シラブル,syllable.mp3,済
w_uncomfortable,uncomfortable,,心地よくない、居心地の悪い,uncomfortable.mp3,済
w_hurting,hurting,,hurt（傷つける、痛む）のing形,hurting.mp3,済
w_staring,staring,,stare（じっと見つめる）のing形,staring.mp3,済
w_department,department,,部門、売り場（department store でデパート）,department.mp3,済
w_item,item,,品物、アイテム,item.mp3,済
w_handles,handles,,handle（扱う、対処する）の三単現、handle（取っ手）の複数形,handles.mp3,済
w_marketing,marketing,,マーケティング、販売戦略,marketing.mp3,済
w_unbelievable,unbelievable,,信じられない,unbelievable.mp3,済
w_plot,plot,,すじ、プロット,plot.mp3,済
w_twist,twist,,ひねり、意外な展開、ねじる,twist.mp3,済
w_foreign,foreign,,外国の,foreign.mp3,済
w_cultures,cultures,,culture（文化）の複数形,cultures.mp3,済
w_broaden,broaden,,広げる,broaden.mp3,済
w_perspective,perspective,,見方、視点,perspective.mp3,済
w_university,university,,大学,university.mp3,済
w_clever,clever,,かしこい、りこうな,clever.mp3,済
w_fox,fox,,キツネ,fox.mp3,済
w_poison,poison,,毒,poison.mp3,済
w_mushrooms,mushrooms,,mushroom（きのこ）の複数形,mushrooms.mp3,済
w_contain,contain,,ふくむ、入っている,contain.mp3,済
w_developed,developed,,develop（発展させる、開発する）の過去形,developed.mp3,済
w_added,added,,add（加える、足す）の過去形,added.mp3,済
w_features,features,,feature（特徴、機能）の複数形,features.mp3,済
w_writer,writer,,作家、書き手,writer.mp3,済
w_automatic,automatic,,自動の,automatic.mp3,済
w_convenient,convenient,,便利な,convenient.mp3,済
w_saying,Saying,,say（言う）のing形,Saying.mp3,済
w_cheating,cheating,,cheat（ずるをする、だます）のing形,cheating.mp3,済
w_responsible,responsible,,責任のある,responsible.mp3,済
w_feeding,feeding,,feed（えさをやる）のing形,feeding.mp3,済
w_entirely,entirely,,完全に、まったく,entirely.mp3,済
w_brick,brick,,れんが,brick.mp3,済
w_sturdy,sturdy,,じょうぶな、しっかりした,sturdy.mp3,済
w_bricks,bricks,,brick（れんが）の複数形,bricks.mp3,済
w_manages,manages,,manage（なんとかやりとげる、管理する）の三単現,manages.mp3,済
w_activities,activities,,activity（活動）の複数形,activities.mp3,済
w_managed,managed,,manage（なんとかやりとげる、管理する）の過去形,managed.mp3,済
w_cover,cover,,おおう、カバーする、カバー,cover.mp3,済
w_tear,tear,,破る、涙,tear.mp3,済
w_fashionable,fashionable,,おしゃれな、流行の,fashionable.mp3,済
w_outfit,outfit,,服装、コーディネート,outfit.mp3,済
w_impress,impress,,感動させる、よい印象を与える,impress.mp3,済
w_attack,attack,,攻撃する、攻撃,attack.mp3,済
w_strategy,strategy,,作戦、戦略,strategy.mp3,済
w_team_s,team's,,team（チーム）の所有格、またはteam is の短縮形,team's.mp3,済
w_attacks,attacks,,attack（攻撃する）の三単現、attack（攻撃）の複数形,attacks.mp3,済
w_paid,paid,,pay（払う）の過去形,paid.mp3,済
w_opening,opening,,open（開ける）のing形、開始、開いているところ,opening.mp3,済
w_ceremony,ceremony,,式、儀式,ceremony.mp3,済
w_seats,seats,,seat（席、座席）の複数形,seats.mp3,済
w_technology,technology,,科学技術、テクノロジー,technology.mp3,済
w_seconds,seconds,,second（秒）の複数形,seconds.mp3,済
w_introduced,introduced,,introduce（紹介する、導入する）の過去形,introduced.mp3,済
w_lighter,lighter,,light（軽い、明るい）の比較級、ライター,lighter.mp3,済
w_blond,blond,,金髪の,blond.mp3,済
w_encourage,encourage,,はげます、勇気づける,encourage.mp3,済
w_encourages,encourages,,encourage（はげます）の三単現,encourages.mp3,済
w_recommended,recommended,,recommend（すすめる）の過去形,recommended.mp3,済
w_happiness,happiness,,幸せ、幸福,happiness.mp3,済
w_obvious,obvious,,明らかな、あたりまえの,obvious.mp3,済
w_cleanup,cleanup,,かたづけ、清掃,cleanup.mp3,済
w_birth,birth,,誕生,birth.mp3,済
w_celebrating,celebrating,,celebrate（祝う）のing形,celebrating.mp3,済
w_anniversary,anniversary,,記念日,anniversary.mp3,済
w_homesick,homesick,,ホームシックの、家が恋しい,homesick.mp3,済
w_forward,forward,,前へ（look forward to で〜を楽しみにする）,forward.mp3,済
w_hearing,hearing,,hear（聞こえる）のing形,hearing.mp3,済
w_cause,cause,,引き起こす、原因,cause.mp3,済
w_caused,caused,,cause（引き起こす）の過去形,caused.mp3,済
w_stairs,stairs,,stair（階段の一段）の複数形（階段）,stairs.mp3,済
w_uniform,uniform,,制服、ユニフォーム,uniform.mp3,済
w_update,update,,更新する、アップデート,update.mp3,済
w_view,view,,ながめ、景色、見方,view.mp3,済
w_rescue,rescue,,救助する、助ける,rescue.mp3,済
w_moving,moving,,move（動く、引っ越す）のing形、感動的な,moving.mp3,済
w_escape,escape,,逃げる、脱出する,escape.mp3,済
w_maze,maze,,迷路,maze.mp3,済
w_route,route,,ルート、道すじ,route.mp3,済
w_tries,tries,,try（試す、やってみる）の三単現,tries.mp3,済
w_nest,nest,,巣,nest.mp3,済
w_branch,branch,,枝、支店,branch.mp3,済
w_distance,distance,,きょり、距離,distance.mp3,済
w_bank,bank,,銀行、土手,bank.mp3,済
w_productive,productive,,生産的な、実りある,productive.mp3,済
w_shared,shared,,share（分ける、共有する）の過去形,shared.mp3,済
w_heated,heated,,白熱した、熱くなった、heat（熱する）の過去形,heated.mp3,済
w_politely,politely,,ていねいに、礼儀正しく,politely.mp3,済
w_disagrees,disagrees,,disagree（意見が合わない）の三単現,disagrees.mp3,済
w_admire,admire,,尊敬する、感心する,admire.mp3,済
w_repeat,repeat,,くり返す,repeat.mp3,済
w_sadly,sadly,,悲しいことに、残念ながら,sadly.mp3,済
w_reconnected,reconnected,,reconnect（再びつながる、再接続する）の過去形,reconnected.mp3,済
w_cable,cable,,ケーブル、コード,cable.mp3,済
w_connects,connects,,connect（つなぐ、接続する）の三単現,connects.mp3,済
w_speaker,speaker,,スピーカー、話す人,speaker.mp3,済
w_available,available,,利用できる、手に入る、あいている,available.mp3,済
w_female,female,,女性の、めすの,female.mp3,済
w_balanced,balanced,,バランスのとれた、balance（つり合いをとる）の過去形,balanced.mp3,済
w_resist,resist,,がまんする、抵抗する,resist.mp3,済
w_scares,scares,,scare（怖がらせる）の三単現,scares.mp3,済
w_pour,pour,,注ぐ、（雨が）激しく降る,pour.mp3,済
w_tasted,tasted,,taste（味がする、味わう）の過去形,tasted.mp3,済
w_watery,watery,,水っぽい,watery.mp3,済
w_height,height,,高さ、身長,height.mp3,済
w_members,members,,member（メンバー、一員）の複数形,members.mp3,済
w_energetic,energetic,,元気いっぱいの、活動的な,energetic.mp3,済
w_typhoon,typhoon,,台風,typhoon.mp3,済
w_damage,damage,,損害、被害、傷つける,damage.mp3,済
w_damages,damages,,damage（傷つける）の三単現,damages.mp3,済
w_comfort,comfort,,なぐさめる、快適さ,comfort.mp3,済
w_actual,actual,,実際の、本当の,actual.mp3,済
w_score,score,,得点、得点する,score.mp3,済
w_planned,planned,,plan（計画する）の過去形,planned.mp3,済
w_although,Although,,〜だけれども,Although.mp3,済
w_construction,construction,,建設、工事,construction.mp3,済
w_site,site,,場所、現場、サイト,site.mp3,済
w_congratulate,congratulate,,祝う、お祝いを言う,congratulate.mp3,済
w_kevin,Kevin,,ケビン（名前）,Kevin.mp3,済
w_fantasy,fantasy,,ファンタジー、空想,fantasy.mp3,済
w_magic,magic,,魔法、マジック,magic.mp3,済
w_dishonest,dishonest,,正直でない、ずるい,dishonest.mp3,済
w_copy,copy,,コピーする、まねる、写し,copy.mp3,済
w_calculation,calculation,,計算,calculation.mp3,済
w_step,step,,ステップ、段階、一歩,step.mp3,済
w_telling,telling,,tell（伝える、言う）のing形,telling.mp3,済
w_players,players,,player（選手、プレーヤー）の複数形,players.mp3,済
w_law,law,,法律,law.mp3,済
w_selfish,selfish,,わがままな、自分勝手な,selfish.mp3,済
w_quite,quite,,かなり、けっこう,quite.mp3,済
w_perform,perform,,演じる、演奏する、行う,perform.mp3,済
w_appeared,appeared,,appear（現れる、〜のように見える）の過去形,appeared.mp3,済
w_appear,appear,,現れる、〜のように見える,appear.mp3,済
w_pieces,pieces,,piece（一切れ、一つ）の複数形,pieces.mp3,済
w_judge,judge,,審査員、判断する,judge.mp3,済
w_appearance,appearance,,外見、現れること,appearance.mp3,済
w_says,says,,say（言う）の三単現,says.mp3,済
w_device,device,,機器、装置、デバイス,device.mp3,済
w_record,record,,記録する、録音する、記録,record.mp3,済
w_interview,interview,,インタビュー、面接,interview.mp3,済
w_devices,devices,,device（機器、装置）の複数形,devices.mp3,済
w_weight,weight,,重さ、体重,weight.mp3,済
w_mine_s,Mine's,,Mine is の短縮形（私のは〜）,Mine's.mp3,済
w_kilograms,kilograms,,kilogram（キログラム）の複数形,kilograms.mp3,済
w_sweat,sweat,,汗をかく、汗,sweat.mp3,済
w_ability,ability,,能力,ability.mp3,済
w_surprises,surprises,,surprise（驚かせる）の三単現、surprise（驚き）の複数形,surprises.mp3,済
w_addition,addition,,たし算、追加,addition.mp3,済
w_folder,folder,,フォルダー,folder.mp3,済
w_subtraction,subtraction,,ひき算,subtraction.mp3,済
w_base,base,,基礎、土台、基地,base.mp3,済
w_bookshelf,bookshelf,,本だな,bookshelf.mp3,済
w_newspaper,newspaper,,新聞,newspaper.mp3,済
w_oil,oil,,油、石油,oil.mp3,済
w_stressed,stressed,,ストレスを感じた、stress（ストレスを与える）の過去形,stressed.mp3,済
w_exams,exams,,exam（試験）の複数形,exams.mp3,済
w_successful,successful,,成功した、うまくいった,successful.mp3,済
w_invitation,invitation,,招待、招待状,invitation.mp3,済
w_mail,mail,,郵便、メール,mail.mp3,済
w_cards,cards,,card（カード）の複数形,cards.mp3,済
w_worksheets,worksheets,,worksheet（ワークシート、練習プリント）の複数形,worksheets.mp3,済
w_coins,coins,,coin（コイン、硬貨）の複数形,coins.mp3,済
w_disappeared,disappeared,,disappear（消える、いなくなる）の過去形,disappeared.mp3,済
w_fog,fog,,霧,fog.mp3,済
w_disappear,disappear,,消える、いなくなる,disappear.mp3,済
w_months,months,,month（月）の複数形,months.mp3,済
w_rooms,rooms,,room（部屋）の複数形,rooms.mp3,済
w_ghost,ghost,,おばけ、幽霊,ghost.mp3,済
w_mountain,mountain,,山,mountain.mp3,済
w_handle,handle,,扱う、対処する、取っ手,handle.mp3,済
w_situation,situation,,状況、事態,situation.mp3,済
w_term,term,,期間、学期、用語,term.mp3,済
w_doubt,doubt,,疑う、疑い,doubt.mp3,済
w_needed,needed,,need（必要とする）の過去形,needed.mp3,済
w_frozen,frozen,,freeze（凍る）の過去分詞、こおった,frozen.mp3,済
w_freezer,freezer,,冷凍庫,freezer.mp3,済
w_pond,pond,,池,pond.mp3,済
w_chopping,chopping,,chop（切りきざむ）のing形,chopping.mp3,済
w_scene,scene,,場面、シーン,scene.mp3,済
w_expecting,expecting,,expect（予想する、期待する）のing形,expecting.mp3,済
w_guests,guests,,guest（客、ゲスト）の複数形,guests.mp3,済
w_lazy,lazy,,なまけ者の、めんどうくさがりの,lazy.mp3,済
w_itself,itself,,それ自身,itself.mp3,済
w_active,active,,活動的な、活発な,active.mp3,済
w_yawn,yawn,,あくびをする,yawn.mp3,済
w_breathe,breathe,,息をする、呼吸する,breathe.mp3,済
w_calmer,calmer,,calm（落ち着いた）の比較級,calmer.mp3,済
w_matter,matter,,問題、重要である,matter.mp3,済
w_matters,matters,,matter（重要である）の三単現、matter（問題）の複数形,matters.mp3,済
w_career,career,,経歴、キャリア、職業,career.mp3,済
w_forty,forty,,40,forty.mp3,済
w_cone,cone,,コーン、円すい,cone.mp3,済
w_pine,pine,,松（pine cone で松ぼっくり）,pine.mp3,済
w_comment,comment,,コメント、感想,comment.mp3,済
w_unkind,unkind,,不親切な、意地悪な,unkind.mp3,済
w_first_year,first-year,,1年目の、1年生の,first-year.mp3,済
w_citizen,citizen,,市民、国民,citizen.mp3,済
w_vote,vote,,投票する、投票,vote.mp3,済
w_homemade,homemade,,手作りの、自家製の,homemade.mp3,済
w_store_s,store's,,store（店）の所有格、またはstore is の短縮形,store's.mp3,済
w_offline,offline,,オフラインの、ネットにつながっていない,offline.mp3,済
w_celebrity,celebrity,,有名人、セレブ,celebrity.mp3,済
w_earth,Earth,,地球,Earth.mp3,済
w_rumor,rumor,,うわさ,rumor.mp3,済
w_official,official,,公式の、正式な、役人,official.mp3,済
w_entrance,entrance,,入り口、入場,entrance.mp3,済
w_steal,steal,,盗む,steal.mp3,済
w_flu,flu,,インフルエンザ,flu.mp3,済
w_absent,absent,,欠席の、いない,absent.mp3,済
w_post,post,,投稿する、郵便、柱,post.mp3,済
w_ones,ones,,one（もの）の複数形,ones.mp3,済
w_mailbox,mailbox,,郵便受け、ポスト,mailbox.mp3,済
w_criminal,criminal,,犯罪者、犯人,criminal.mp3,済
w_returns,returns,,return（帰る、返す）の三単現,returns.mp3,済
w_sold,sold,,sell（売る）の過去形,sold.mp3,済
w_copies,copies,,copy（コピー、写し）の複数形、copy（コピーする）の三単現,copies.mp3,済
w_mess,mess,,散らかり、めちゃくちゃ,mess.mp3,済
w_humor,humor,,ユーモア,humor.mp3,済
w_boat,boat,,ボート、船,boat.mp3,済
w_motion,motion,,動き、動作（motion sickness で乗り物酔い）,motion.mp3,済
w_sickness,sickness,,病気、気分の悪さ,sickness.mp3,済
w_trendy,trendy,,流行の、トレンディな,trendy.mp3,済
w_seed,seed,,種,seed.mp3,済
w_positive,positive,,前向きな、積極的な、プラスの,positive.mp3,済
w_attitude,attitude,,態度、姿勢,attitude.mp3,済
w_health,health,,健康,health.mp3,済
w_affordable,affordable,,手ごろな値段の,affordable.mp3,済
w_bull,bull,,雄牛,bull.mp3,済
w_gentle,gentle,,やさしい、おだやかな,gentle.mp3,済
w_celebrate,celebrate,,祝う,celebrate.mp3,済
w_special,special,,特別な,special.mp3,済
w_shrine,shrine,,神社,shrine.mp3,済
w_developing,developing,,develop（発展させる、開発する）のing形,developing.mp3,済
w_romantic,romantic,,ロマンチックな,romantic.mp3,済
w_action,action,,行動、動作、アクション,action.mp3,済
w_immediately,immediately,,すぐに、ただちに,immediately.mp3,済
w_chestnuts,chestnuts,,chestnut（くり）の複数形,chestnuts.mp3,済
w_roast,roast,,焼く、あぶる,roast.mp3,済
w_chestnut,chestnut,,くり,chestnut.mp3,済
w_speaking,speaking,,speak（話す）のing形,speaking.mp3,済
w_collection,collection,,コレクション、収集,collection.mp3,済
w_museum,museum,,博物館、美術館,museum.mp3,済
w_maps,maps,,map（地図）の複数形,maps.mp3,済
w_honest,honest,,正直な,honest.mp3,済
w_roads,roads,,road（道路、道）の複数形,roads.mp3,済
w_sentence,sentence,,文,sentence.mp3,済
w_capital,capital,,首都、大文字、資本,capital.mp3,済
w_visitor,visitor,,訪問者、来客,visitor.mp3,済
w_bridge,bridge,,橋,bridge.mp3,済
w_ink,ink,,インク,ink.mp3,済
w_lay,lay,,置く、横たえる,lay.mp3,済
w_fold,fold,,折る、たたむ,fold.mp3,済
w_laid,laid,,lay（置く、横たえる）の過去形,laid.mp3,済
w_dry,dry,,かわいた、かわかす,dry.mp3,済
w_guilty,guilty,,有罪の、罪悪感のある,guilty.mp3,済
w_comedy,comedy,,コメディ、喜劇,comedy.mp3,済
w_equal,equal,,等しい、平等な,equal.mp3,済
w_ruler,ruler,,定規、支配者,ruler.mp3,済
w_chances,chances,,chance（チャンス、機会）の複数形,chances.mp3,済
w_pack,pack,,詰める、荷造りする,pack.mp3,済
w_drove,drove,,drive（運転する）の過去形,drove.mp3,済
w_coast,coast,,海岸、沿岸,coast.mp3,済
w_bay,bay,,湾、入り江,bay.mp3,済
w_market,market,,市場、マーケット,market.mp3,済
w_treasure,treasure,,宝物,treasure.mp3,済
w_crush,crush,,つぶす、押しつぶす,crush.mp3,済
w_bread,bread,,パン,bread.mp3,済
w_crushed,crushed,,crush（つぶす）の過去形,crushed.mp3,済
w_bin,bin,,ごみ箱、容器,bin.mp3,済
w_examination,examination,,試験、検査,examination.mp3,済
w_cyberbullying,cyberbullying,,ネットいじめ,cyberbullying.mp3,済
w_traditional,traditional,,伝統的な,traditional.mp3,済
w_hometown,hometown,,故郷、地元,hometown.mp3,済
w_introduce,introduce,,紹介する、導入する,introduce.mp3,済
w_paragraph,paragraph,,段落、パラグラフ,paragraph.mp3,済
w_army,army,,軍隊、陸軍,army.mp3,済
w_ants,ants,,ant（アリ）の複数形,ants.mp3,済
w_carried,carried,,carry（運ぶ、持ち運ぶ）の過去形,carried.mp3,済
w_crumbs,crumbs,,crumb（パンくず、食べかす）の複数形,crumbs.mp3,済
w_great_grandfather,great-grandfather,,曾祖父（ひいおじいさん）,great-grandfather.mp3,済
w_served,served,,serve（出す、給仕する、仕える）の過去形,served.mp3,済
w_factory,factory,,工場,factory.mp3,済
w_samples,samples,,sample（サンプル、見本）の複数形,samples.mp3,済
w_bicycles,bicycles,,bicycle（自転車）の複数形,bicycles.mp3,済
w_article,article,,記事,article.mp3,済
w_recognize,recognize,,見分ける、それとわかる,recognize.mp3,済
w_faces,faces,,face（顔）の複数形、face（直面する）の三単現,faces.mp3,済
w_opposite,opposite,,反対の、正反対,opposite.mp3,済
w_discount,discount,,割引,discount.mp3,済
w_they_ll,they'll,,they will の短縮形,they'll.mp3,済
w_calm,calm,,落ち着いた、おだやかな、落ち着かせる,calm.mp3,済
w_service,service,,サービス、接客,service.mp3,済
w_meaning,meaning,,意味,meaning.mp3,済
w_deeper,deeper,,deep（深い）の比較級,deeper.mp3,済
w_nod,nod,,うなずく,nod.mp3,済
w_nodded,nodded,,nod（うなずく）の過去形,nodded.mp3,済
w_horrible,horrible,,ひどい、おそろしい,horrible.mp3,済
w_fever,fever,,熱,fever.mp3,済
w_yellow,yellow,,黄色（の）,yellow.mp3,済
w_diagram,diagram,,図、図表,diagram.mp3,済
w_explained,explained,,explain（説明する）の過去形,explained.mp3,済
w_chest,chest,,胸、たんす,chest.mp3,済
w_wooden,wooden,,木の、木製の,wooden.mp3,済
w_admitted,admitted,,admit（認める）の過去形,admitted.mp3,済
w_bargain,bargain,,お買い得品、掘り出し物,bargain.mp3,済
w_bookstore,bookstore,,書店、本屋,bookstore.mp3,済
w_human,human,,人間（の）,human.mp3,済
w_lined,lined,,line（並ぶ、線を引く）の過去形（lined up で並んだ）,lined.mp3,済
w_grandfather_s,grandfather's,,grandfather（祖父）の所有格,grandfather's.mp3,済
w_freeze,freeze,,凍る、こおらせる、動くな,freeze.mp3,済
w_container,container,,容器、入れ物,container.mp3,済
w_bucket,bucket,,バケツ,bucket.mp3,済
w_cost,cost,,費用がかかる、費用,cost.mp3,済
w_repair,repair,,修理する、修理,repair.mp3,済
w_garage,garage,,ガレージ、車庫,garage.mp3,済
w_starting,starting,,start（始める、始まる）のing形,starting.mp3,済
w_melt,melt,,とける、とかす,melt.mp3,済
w_roof,roof,,屋根,roof.mp3,済
w_melted,melted,,melt（とける、とかす）の過去形,melted.mp3,済
w_parade,parade,,パレード、行進,parade.mp3,済
w_assignment,assignment,,宿題、課題,assignment.mp3,済
w_partner,partner,,パートナー、相手,partner.mp3,済
w_glove,glove,,手袋、グローブ,glove.mp3,済
w_search,search,,さがす、検索する,search.mp3,済
w_survey,survey,,アンケート、調査,survey.mp3,済
w_include,include,,ふくむ,include.mp3,済
w_zip,zip,,ファスナーを閉める、勢いよく動く,zip.mp3,済
w_envelope,envelope,,封筒,envelope.mp3,済
w_owner,owner,,持ち主、オーナー,owner.mp3,済
w_belongs,belongs,,belong（属する、〜のものである）の三単現,belongs.mp3,済
w_customer_s,customer's,,customer（客）の所有格,customer's.mp3,済
w_attractive,attractive,,魅力的な,attractive.mp3,済
w_brighter,brighter,,bright（明るい）の比較級,brighter.mp3,済
w_title,title,,タイトル、題名,title.mp3,済
w_talent,talent,,才能,talent.mp3,済
w_sketchbook,sketchbook,,スケッチブック,sketchbook.mp3,済
w_evening,evening,,夕方、晩,evening.mp3,済
w_memory,memory,,記憶、思い出,memory.mp3,済
w_brings,brings,,bring（持ってくる）の三単現,brings.mp3,済
w_condition,condition,,状態、条件,condition.mp3,済
w_create,create,,作る、生み出す,create.mp3,済
w_memorize,memorize,,暗記する、覚える,memorize.mp3,済
w_laundry,laundry,,洗たく、洗たく物,laundry.mp3,済
w_folded,folded,,fold（折る、たたむ）の過去形,folded.mp3,済
w_crane,crane,,ツル、クレーン,crane.mp3,済
w_sweep,sweep,,はく、そうじする,sweep.mp3,済
w_swept,swept,,sweep（はく、そうじする）の過去形,swept.mp3,済
w_receipt,receipt,,レシート、領収書,receipt.mp3,済
w_exchange,exchange,,交換する、交換,exchange.mp3,済
w_yesterday_s,yesterday's,,yesterday（昨日）の所有格（昨日の）,yesterday's.mp3,済
w_throat,throat,,のど,throat.mp3,済
w_desert,desert,,砂漠,desert.mp3,済
w_surprisingly,surprisingly,,驚いたことに、意外にも,surprisingly.mp3,済
w_compare,compare,,比べる,compare.mp3,済
w_answers,answers,,answer（答え）の複数形、answer（答える）の三単現,answers.mp3,済
w_treat,treat,,あつかう、おごる、ごほうび,treat.mp3,済
w_properly,properly,,きちんと、正しく,properly.mp3,済
w_wiper,wiper,,ワイパー,wiper.mp3,済
w_leaf,leaf,,葉、葉っぱ,leaf.mp3,済
w_illegal,illegal,,違法な,illegal.mp3,済
w_copying,copying,,copy（コピーする、まねる）のing形,copying.mp3,済
w_selling,selling,,sell（売る）のing形,selling.mp3,済
w_dripping,dripping,,drip（したたる、ぽたぽた落ちる）のing形,dripping.mp3,済
w_except,except,,〜を除いて、〜以外は,except.mp3,済
w_dentist,dentist,,歯医者,dentist.mp3,済
w_appointment,appointment,,予約、約束,appointment.mp3,済
w_bend,bend,,曲げる、かがむ,bend.mp3,済
w_knees,knees,,knee（ひざ）の複数形,knees.mp3,済
w_land,land,,着陸する、土地,land.mp3,済
w_pleased,pleased,,よろこんだ、満足した,pleased.mp3,済
w_imagine,imagine,,想像する,imagine.mp3,済
w_internet,internet,,インターネット,internet.mp3,済
w_information,information,,情報,information.mp3,済
w_increase,increase,,増える、増やす,increase.mp3,済
w_advertise,advertise,,宣伝する、広告する,advertise.mp3,済
w_speed,speed,,速度、スピード,speed.mp3,済
w_increased,increased,,increase（増える、増やす）の過去形,increased.mp3,済
w_drug,drug,,薬、麻薬,drug.mp3,済
w_float,float,,浮かぶ、浮く,float.mp3,済
w_balloons,balloons,,balloon（風船）の複数形,balloons.mp3,済
w_floated,floated,,float（浮かぶ、浮く）の過去形,floated.mp3,済
w_homestay,homestay,,ホームステイ,homestay.mp3,済
w_australia,Australia,,オーストラリア,Australia.mp3,済
w_stuffed,stuffed,,stuff（つめこむ）の過去形（stuffed animal でぬいぐるみ）,stuffed.mp3,済
w_textbooks,textbooks,,textbook（教科書）の複数形,textbooks.mp3,済
w_rubber,rubber,,ゴム、消しゴム,rubber.mp3,済
w_boots,boots,,boot（ブーツ、長ぐつ）の複数形,boots.mp3,済
w_disappoint,disappoint,,がっかりさせる,disappoint.mp3,済
w_badly,badly,,ひどく、悪く,badly.mp3,済
w_disappointed,disappointed,,がっかりした、失望した,disappointed.mp3,済
w_rented,rented,,rent（借りる）の過去形,rented.mp3,済
w_lent,lent,,lend（貸す）の過去形,lent.mp3,済
w_soaked,soaked,,soak（びしょぬれにする、ひたす）の過去形、びしょぬれの,soaked.mp3,済
w_handouts,handouts,,handout（配布プリント、ハンドアウト）の複数形,handouts.mp3,済
w_binder,binder,,バインダー,binder.mp3,済
w_narrow,narrow,,せまい、細い,narrow.mp3,済
w_cars,cars,,car（車）の複数形,cars.mp3,済
w_arrange,arrange,,並べる、手配する、アレンジする,arrange.mp3,済
w_circle,circle,,円、輪,circle.mp3,済
w_arranged,arranged,,arrange（並べる、手配する）の過去形,arranged.mp3,済
w_enjoyable,enjoyable,,楽しい、楽しめる,enjoyable.mp3,済
w_local,local,,地元の、その土地の,local.mp3,済
w_countable,countable,,数えられる,countable.mp3,済
w_uncountable,uncountable,,数えられない,uncountable.mp3,済
w_nouns,nouns,,noun（名詞）の複数形,nouns.mp3,済
w_direction,direction,,方向、指示,direction.mp3,済
w_disease,disease,,病気,disease.mp3,済
w_spreading,spreading,,spread（広げる、広がる）のing形,spreading.mp3,済
w_respect,respect,,尊敬する、尊重する,respect.mp3,済
w_single,single,,たった一つの、独身の,single.mp3,済
w_complains,complains,,complain（不平を言う、文句を言う）の三単現,complains.mp3,済
w_either,either,,（否定文で）〜も（…ない）、どちらか,either.mp3,済
w_curious,curious,,好奇心の強い、知りたがりの,curious.mp3,済
w_rub,rub,,こする,rub.mp3,済
w_rubbed,rubbed,,rub（こする）の過去形,rubbed.mp3,済
w_mark,mark,,印、マーク、印をつける,mark.mp3,済
w_daydream,daydream,,空想する、白昼夢,daydream.mp3,済
w_ooh,Ooh,,おお、うわあ（驚き・感嘆の声）,Ooh.mp3,済
w_grabbing,grabbing,,grab（つかむ、さっと取る）のing形,grabbing.mp3,済
w_baked,baked,,bake（（オーブンで）焼く）の過去形,baked.mp3,済
w_puppy,puppy,,子犬,puppy.mp3,済
w_championship,championship,,選手権、優勝,championship.mp3,済
w_canada,Canada,,カナダ,Canada.mp3,済
w_impossible,impossible,,不可能な、ありえない,impossible.mp3,済
w_quit,quit,,やめる,quit.mp3,済
w_rough,rough,,荒い、ざらざらした、大変な,rough.mp3,済
w_congrats,congrats,,おめでとう（Congratulationsのくだけた言い方）,congrats.mp3,済
w_hawaii,Hawaii,,ハワイ,Hawaii.mp3,済
w_jealous,jealous,,うらやましい、しっとする,jealous.mp3,済
w_laptop,laptop,,ノートパソコン,laptop.mp3,済
w_sucks,sucks,,最悪だ、ひどい（suck の三単現）,sucks.mp3,済
w_melting,melting,,melt（とける、とかす）のing形,melting.mp3,済
w_ah,Ah,,ああ、あー（感嘆の声）,Ah.mp3,済
w_aw,Aw,,まあ、あーあ（残念・かわいがるときの声）,Aw.mp3,済
w_merrier,merrier,,merry（陽気な、楽しい）の比較級（the more the merrier で多いほど楽しい）,merrier.mp3,済
w_wondering,wondering,,wonder（〜かなと思う）のing形,wondering.mp3,済
w_favor,favor,,お願い、親切な行い,favor.mp3,済
w_pressure,pressure,,プレッシャー、圧力,pressure.mp3,済
w_bother,bother,,めんどうをかける、悩ます,bother.mp3,済
w_appreciate,appreciate,,感謝する、ありがたく思う,appreciate.mp3,済
w_lips,lips,,lip（くちびる）の複数形,lips.mp3,済
w_sealed,sealed,,seal（封をする、閉じる）の過去形（My lips are sealed で「秘密は守るよ」）,sealed.mp3,済
w_climbed,climbed,,climb（登る）の過去形,climbed.mp3,済
w_god,god,,神,god.mp3,済
w_snowing,snowing,,snow（雪が降る）のing形,snowing.mp3,済
w_gorgeous,Gorgeous,,とても美しい、豪華な,Gorgeous.mp3,済
w_aww,Aww,,まあ、かわいい（かわいがる・同情するときの声）,Aww.mp3,済
w_junior,junior,,年下の、下級の（junior high school で中学校）,junior.mp3,済
w_communicating,communicating,,communicate（コミュニケーションをとる）のing形,communicating.mp3,済
w_pochi,Pochi,,ポチ（犬の名前）,Pochi.mp3,済
w_interrupt,interrupt,,じゃまする、さえぎる,interrupt.mp3,済
w_airport,airport,,空港,airport.mp3,済
w_childhood,childhood,,子ども時代,childhood.mp3,済
w_celebration,celebration,,お祝い,celebration.mp3,済
w_yikes,Yikes,,うわっ、げっ（おどろき・こわがるときの声）,Yikes.mp3,済
w_yay,Yay,,やったー、わーい（喜びの声）,Yay.mp3,済
w_quarters,quarters,,quarter（4分の1、15分、四半期）の複数形,quarters.mp3,済
w_quarter,quarter,,4分の1、15分、四半期,quarter.mp3,済
w_graph,graph,,グラフ,graph.mp3,済
w_jump,jump,,ジャンプする、とぶ,jump.mp3,済
w_offer,offer,,申し出る、提供する、申し出,offer.mp3,済
w_accept,accept,,受け入れる、受け取る,accept.mp3,済
w_apology,apology,,おわび、謝罪,apology.mp3,済
w_role,role,,役割、役,role.mp3,済
w_divorce,divorce,,離婚する、離婚,divorce.mp3,済
w_bitter,bitter,,苦い、つらい,bitter.mp3,済
w_medicine,medicine,,薬,medicine.mp3,済
w_complete,complete,,完成させる、完全な,complete.mp3,済
w_ship,ship,,船、発送する,ship.mp3,済
w_deliver,deliver,,配達する、届ける,deliver.mp3,済
w_newsletters,newsletters,,newsletter（会報、ニュースレター）の複数形,newsletters.mp3,済
w_hell,hell,,地獄,hell.mp3,済
w_movement,movement,,動き、運動,movement.mp3,済
w_becomes,becomes,,become（〜になる）の三単現,becomes.mp3,済
w_relaxed,relaxed,,リラックスした、くつろいだ,relaxed.mp3,済
w_communication,communication,,コミュニケーション、伝達,communication.mp3,済
w_streets,streets,,street（通り、街路）の複数形,streets.mp3,済
w_according,According,,according（〜によれば）（According to で〜によると）,According.mp3,済
w_shapes,shapes,,shape（形）の複数形、shape（形づくる）の三単現,shapes.mp3,済
w_thinner,thinner,,thin（うすい、細い）の比較級,thinner.mp3,済
w_edge,edge,,はし、ふち、刃,edge.mp3,済
w_option,option,,選択肢、オプション,option.mp3,済
w_track,track,,線路、走路、追跡する,track.mp3,済
w_followed,followed,,follow（ついていく、従う）の過去形,followed.mp3,済
w_animal_s,animal's,,animal（動物）の所有格,animal's.mp3,済
w_tracks,tracks,,track（線路、足あと）の複数形、track（追跡する）の三単現,tracks.mp3,済
w_smooth,smooth,,なめらかな、順調な,smooth.mp3,済
w_neither,neither,,どちらも〜ない,neither.mp3,済
w_comic,comic,,マンガ、コミック,comic.mp3,済
w_series,series,,シリーズ、連続,series.mp3,済
w_pages,pages,,page（ページ）の複数形,pages.mp3,済
w_drew,drew,,draw（描く）の過去形,drew.mp3,済
w_marriage,marriage,,結婚,marriage.mp3,済
w_blind,blind,,目の見えない、ブラインド,blind.mp3,済
w_relay,relay,,リレー,relay.mp3,済
w_furniture,furniture,,家具,furniture.mp3,済
w_application,application,,申し込み、アプリケーション,application.mp3,済
w_filled,filled,,fill（満たす、いっぱいにする）の過去形,filled.mp3,済
w_mornings,mornings,,morning（朝、午前）の複数形,mornings.mp3,済
w_serve,serve,,出す、給仕する、仕える,serve.mp3,済
w_match,match,,試合、マッチ、合う,match.mp3,済
w_tray,tray,,トレー、お盆,tray.mp3,済
w_brain,brain,,脳,brain.mp3,済
w_uses,uses,,use（使う）の三単現、use（使い道）の複数形,uses.mp3,済
w_label,label,,ラベル、札,label.mp3,済
w_nuts,nuts,,nut（木の実、ナッツ）の複数形,nuts.mp3,済
w_socks,socks,,sock（くつ下）の複数形,socks.mp3,済
w_gather,gather,,集める、集まる,gather.mp3,済
w_gathered,gathered,,gather（集める、集まる）の過去形,gathered.mp3,済
w_death,death,,死,death.mp3,済
w_readers,readers,,reader（読者、読む人）の複数形,readers.mp3,済
w_fault,fault,,責任、落ち度、欠点,fault.mp3,済
w_waters,waters,,water（水）の複数形（海域・水域）、water（水をやる）の三単現,waters.mp3,済
w_cutting,Cutting,,cut（切る）のing形,Cutting.mp3,済
w_destroy,destroy,,破壊する、こわす,destroy.mp3,済
w_destroyed,destroyed,,destroy（破壊する）の過去形,destroyed.mp3,済
w_fence,fence,,フェンス、へい,fence.mp3,済
w_messy,messy,,散らかった、きたない,messy.mp3,済
w_handwriting,handwriting,,手書き、筆跡,handwriting.mp3,済
w_location,location,,場所、位置,location.mp3,済
w_squirrels,Squirrels,,squirrel（リス）の複数形,Squirrels.mp3,済
w_bury,bury,,うめる、埋める,bury.mp3,済
w_buried,buried,,bury（うめる）の過去形,buried.mp3,済
w_capsule,capsule,,カプセル,capsule.mp3,済
w_progress,progress,,進歩、上達、前進する,progress.mp3,済
w_amazes,amazes,,amaze（驚かせる）の三単現,amazes.mp3,済
w_whale,whale,,クジラ,whale.mp3,済
w_amazed,amazed,,びっくりした、感嘆した,amazed.mp3,済
w_posters,posters,,poster（ポスター）の複数形,posters.mp3,済
w_advertised,advertised,,advertise（宣伝する）の過去形,advertised.mp3,済
w_poem,poem,,詩,poem.mp3,済
w_brand,brand,,ブランド、銘柄,brand.mp3,済
w_cells,cells,,cell（細胞、電池、独房）の複数形,cells.mp3,済
w_schoolyard,schoolyard,,校庭,schoolyard.mp3,済
w_cell,cell,,細胞、電池、独房,cell.mp3,済
w_microscope,microscope,,顕微鏡,microscope.mp3,済
w_interviewed,interviewed,,interview（インタビューする、面接する）の過去形,interviewed.mp3,済
w_challenging,challenging,,やりがいのある、難しい,challenging.mp3,済
w_firefighters,firefighters,,firefighter（消防士）の複数形,firefighters.mp3,済
w_rescued,rescued,,rescue（救助する、助ける）の過去形,rescued.mp3,済
w_thank_you,thank-you,,お礼の、感謝の（thank-you note でお礼の手紙）,thank-you.mp3,済
w_safety,safety,,安全,safety.mp3,済
w_countryside,countryside,,田舎、田園地帯,countryside.mp3,済
w_compared,compared,,compare（比べる）の過去形,compared.mp3,済
w_entertain,entertain,,楽しませる,entertain.mp3,済
w_magician,magician,,マジシャン、手品師,magician.mp3,済
w_entertained,entertained,,entertain（楽しませる）の過去形,entertained.mp3,済
w_describe,describe,,説明する、描写する,describe.mp3,済
w_puzzled,puzzled,,とまどった、困惑した,puzzled.mp3,済
w_discovery,discovery,,発見,discovery.mp3,済
w_concentrate,concentrate,,集中する,concentrate.mp3,済
w_string,string,,ひも、糸、弦,string.mp3,済
w_drawer,drawer,,引き出し,drawer.mp3,済
w_annoy,annoy,,いらいらさせる、うるさがらせる,annoy.mp3,済
w_annoys,annoys,,annoy（いらいらさせる）の三単現,annoys.mp3,済
w_thankful,thankful,,感謝している、ありがたく思う,thankful.mp3,済
w_insects,insects,,insect（昆虫、虫）の複数形,insects.mp3,済
w_virus,virus,,ウイルス,virus.mp3,済
w_develop,develop,,発展させる、開発する、成長する,develop.mp3,済
w_forms,forms,,form（用紙、形）の複数形、form（形づくる）の三単現,forms.mp3,済
w_border,border,,国境、境界,border.mp3,済
w_towns,towns,,town（町）の複数形,towns.mp3,済
w_recovered,recovered,,recover（回復する、立ち直る）の過去形,recovered.mp3,済
w_cancer,cancer,,がん（病気）,cancer.mp3,済
w_ways,ways,,way（方法、道）の複数形,ways.mp3,済
w_pairs,pairs,,pair（ペア、一組）の複数形,pairs.mp3,済
w_complain,complain,,不平を言う、文句を言う,complain.mp3,済
w_bowl,bowl,,ボウル、どんぶり、茶わん,bowl.mp3,済
w_noodles,noodles,,noodle（めん）の複数形,noodles.mp3,済
w_decorate,decorate,,かざる、飾りつける,decorate.mp3,済
w_type,type,,タイプ、種類、タイプする,type.mp3,済
w_success,success,,成功,success.mp3,済
w_print,print,,印刷する、プリントする,print.mp3,済
w_itch,itch,,かゆい、かゆみ,itch.mp3,済
w_trust,trust,,信頼する、信じる,trust.mp3,済
w_boils,boils,,boil（ふっとうする、ゆでる）の三単現,boils.mp3,済
w_celsius,Celsius,,セ氏、摂氏（温度の単位）,Celsius.mp3,済
w_thirty_five,thirty-five,,35,thirty-five.mp3,済
w_regular,regular,,規則正しい、いつもの、通常の,regular.mp3,済
w_session,session,,セッション、（授業や活動の）時間,session.mp3,済
w_restroom,restroom,,トイレ、お手洗い,restroom.mp3,済
w_insect,insect,,昆虫、虫,insect.mp3,済
w_cricket,cricket,,コオロギ、クリケット,cricket.mp3,済
w_argument,argument,,口論、議論、主張,argument.mp3,済
w_nights,nights,,night（夜）の複数形,nights.mp3,済
w_design,design,,デザイン、設計する,design.mp3,済
w_t_shirt,T-shirt,,Tシャツ,T-shirt.mp3,済
w_knife,knife,,ナイフ、包丁,knife.mp3,済
w_bore,bore,,退屈させる,bore.mp3,済
w_speeches,speeches,,speech（スピーチ、演説）の複数形,speeches.mp3,済
w_planet,planet,,惑星,planet.mp3,済
w_closest,closest,,close（近い）の最上級,closest.mp3,済
w_mercury,Mercury,,水星,Mercury.mp3,済
w_development,development,,発達、発展、開発,development.mp3,済
w_child_s,child's,,child（子ども）の所有格,child's.mp3,済
w_sigh,sigh,,ため息をつく、ため息,sigh.mp3,済
w_sighed,sighed,,sigh（ため息をつく）の過去形,sighed.mp3,済
w_receive,receive,,受け取る,receive.mp3,済
w_pal,pal,,仲間、友だち,pal.mp3,済
w_burnable,burnable,,燃える、燃やせる（burnable garbage で燃えるゴミ）,burnable.mp3,済
w_sink,sink,,沈む、流し台,sink.mp3,済
w_stone,stone,,石,stone.mp3,済
w_floats,floats,,float（浮かぶ、浮く）の三単現,floats.mp3,済
w_silence,silence,,静けさ、沈黙,silence.mp3,済
w_bump,bump,,ぶつかる、こぶ,bump.mp3,済
w_cupboard,cupboard,,戸だな、食器だな,cupboard.mp3,済
w_odd,odd,,奇妙な、奇数の,odd.mp3,済
w_toothpick,toothpick,,つまようじ,toothpick.mp3,済
w_toothpicks,toothpicks,,toothpick（つまようじ）の複数形,toothpicks.mp3,済
w_careless,careless,,不注意な、そそっかしい,careless.mp3,済
w_unlocked,unlocked,,unlock（鍵を開ける）の過去形、鍵が開いた,unlocked.mp3,済
w_control,control,,管理する、支配する、コントロール,control.mp3,済
w_cushion,cushion,,クッション、座ぶとん,cushion.mp3,済
w_nerves,nerves,,nerve（神経、緊張）の複数形,nerves.mp3,済
w_hobbies,hobbies,,hobby（趣味）の複数形,hobbies.mp3,済
w_government,government,,政府,government.mp3,済
w_decides,decides,,decide（決める）の三単現,decides.mp3,済
w_tax,tax,,税金,tax.mp3,済
w_schools,schools,,school（学校）の複数形,schools.mp3,済
w_lanes,lanes,,lane（車線、レーン、細い道）の複数形,lanes.mp3,済
w_solar,solar,,太陽の（Solar System で太陽系）,solar.mp3,済
w_rings,rings,,ring（指輪、輪）の複数形、ring（鳴る）の三単現,rings.mp3,済
w_quietly,quietly,,静かに,quietly.mp3,済
w_temple,temple,,寺,temple.mp3,済
w_twelfth,twelfth,,12番目の、12日,twelfth.mp3,済
w_century,century,,世紀、100年,century.mp3,済
w_importance,importance,,重要さ、大切さ,importance.mp3,済
w_community,community,,地域社会、コミュニティ,community.mp3,済
w_center,center,,中心、センター,center.mp3,済
w_volunteers,volunteers,,volunteer（ボランティア）の複数形、volunteer（自発的にやる）の三単現,volunteers.mp3,済
w_rid,rid,,取り除く（get rid of で〜を処分する、なくす）,rid.mp3,済
w_supplies,supplies,,supply（供給品、必需品）の複数形、supply（供給する）の三単現,supplies.mp3,済
w_creative,creative,,創造的な、クリエイティブな,creative.mp3,済
w_magazines,magazines,,magazine（雑誌）の複数形,magazines.mp3,済
w_average,average,,平均、平均の,average.mp3,済
w_junk,junk,,がらくた、くず,junk.mp3,済
w_treasures,treasures,,treasure（宝物）の複数形,treasures.mp3,済
w_keyboard,keyboard,,キーボード,keyboard.mp3,済
w_volunteer,volunteer,,ボランティア、自発的にやる,volunteer.mp3,済
w_fill,fill,,満たす、いっぱいにする,fill.mp3,済
w_formed,formed,,form（形づくる、作る）の過去形,formed.mp3,済
w_realized,realized,,realize（気づく、実感する）の過去形,realized.mp3,済
w_clue,clue,,手がかり、ヒント,clue.mp3,済
w_rug,rug,,じゅうたん、ラグ,rug.mp3,済
w_cheerful,cheerful,,明るい、元気な,cheerful.mp3,済
w_homeroom,homeroom,,ホームルーム、学級,homeroom.mp3,済
w_including,including,,〜をふくめて,including.mp3,済
w_swing,swing,,ゆれる、ふる、ブランコ,swing.mp3,済
w_bat,bat,,バット、コウモリ,bat.mp3,済
w_octopuses,octopuses,,octopus（タコ）の複数形,octopuses.mp3,済
w_hearts,hearts,,heart（心臓、心、ハート）の複数形,hearts.mp3,済
w_clearer,clearer,,clear（はっきりした、澄んだ）の比較級,clearer.mp3,済
w_evil,evil,,邪悪な、悪,evil.mp3,済
w_king,king,,王、王様,king.mp3,済
w_witch,witch,,魔女,witch.mp3,済
w_crawl,crawl,,はう、はって進む,crawl.mp3,済
w_crawled,crawled,,crawl（はう）の過去形,crawled.mp3,済
w_certain,certain,,確かな、ある〜,certain.mp3,済
w_calendar,calendar,,カレンダー,calendar.mp3,済
w_kinds,kinds,,kind（種類）の複数形,kinds.mp3,済
w_celebrates,celebrates,,celebrate（祝う）の三単現,celebrates.mp3,済
w_fiftieth,fiftieth,,50番目の,fiftieth.mp3,済
w_nearly,nearly,,ほとんど、もう少しで,nearly.mp3,済
w_holiday,holiday,,休日、祝日,holiday.mp3,済
w_bully,bully,,いじめる、いじめっ子,bully.mp3,済
w_learns,learns,,learn（学ぶ、覚える）の三単現,learns.mp3,済
w_allow,allow,,許す、許可する,allow.mp3,済
w_phones,phones,,phone（電話）の複数形,phones.mp3,済
w_exit,exit,,出口、退出する,exit.mp3,済
w_forgive,forgive,,許す,forgive.mp3,済
w_courage,courage,,勇気,courage.mp3,済
w_education,education,,教育,education.mp3,済
w_meat,meat,,肉,meat.mp3,済
w_ban,ban,,禁止する、禁止,ban.mp3,済
w_shadows,shadows,,shadow（影）の複数形,shadows.mp3,済
w_giant,giant,,巨大な、巨人,giant.mp3,済
w_shadow,shadow,,影,shadow.mp3,済
w_behave,behave,,ふるまう、行儀よくする,behave.mp3,済
w_access,access,,アクセス、利用、接続する,access.mp3,済
w_rake,rake,,熊手、（熊手で）かき集める,rake.mp3,済
w_digs,digs,,dig（掘る）の三単現,digs.mp3,済
w_holes,holes,,hole（穴）の複数形,holes.mp3,済
w_agreement,agreement,,合意、同意、協定,agreement.mp3,済
w_teams,teams,,team（チーム）の複数形,teams.mp3,済
w_signed,signed,,sign（サインする、署名する）の過去形,signed.mp3,済
w_hardworking,hardworking,,勤勉な、よく働く,hardworking.mp3,済
w_sort,sort,,分類する、種類,sort.mp3,済
w_year_s,Year's,,year（年）の所有格（New Year's Eve で大みそか）,Year's.mp3,済
w_eve,eve,,前夜、前日（New Year's Eve で大みそか）,eve.mp3,済
w_bow,bow,,おじぎする、おじぎ、弓,bow.mp3,済
w_tied,tied,,tie（結ぶ）の過去形,tied.mp3,済
w_repairs,repairs,,repair（修理する）の三単現、repair（修理）の複数形,repairs.mp3,済
w_blame,blame,,責める、〜のせいにする,blame.mp3,済
w_loses,loses,,lose（失う、負ける）の三単現,loses.mp3,済
w_ancient,ancient,,古代の、大昔の,ancient.mp3,済
w_sand,sand,,砂,sand.mp3,済
w_interested,interested,,興味がある,interested.mp3,済
w_egypt,Egypt,,エジプト,Egypt.mp3,済
w_pyramids,pyramids,,pyramid（ピラミッド）の複数形,pyramids.mp3,済
w_unless,unless,,もし〜でなければ,unless.mp3,済
w_handout,handout,,配布プリント、ハンドアウト,handout.mp3,済
w_challenge,challenge,,挑戦、課題、いどむ,challenge.mp3,済
w_vase,vase,,花びん,vase.mp3,済
w_counting,counting,,count（数える）のing形,counting.mp3,済
w_anger,anger,,怒り,anger.mp3,済
w_customer,customer,,客、顧客,customer.mp3,済
w_kindly,kindly,,親切に、優しく,kindly.mp3,済
w_glue,glue,,のり、接着剤,glue.mp3,済
w_shocking,shocking,,ショッキングな、衝撃的な,shocking.mp3,済
w_stupid,stupid,,ばかな、おろかな,stupid.mp3,済
w_map,map,,地図,map.mp3,済
w_yell,yell,,どなる、大声を出す,yell.mp3,済
w_yelled,yelled,,yell（どなる）の過去形,yelled.mp3,済
w_crack,crack,,ひび、割れ目、ひびが入る,crack.mp3,済
w_began,began,,begin（始まる、始める）の過去形,began.mp3,済
w_ladder,ladder,,はしご,ladder.mp3,済